available_checkpoints,batch_size,best_epoch,best_val_acc,best_val_dqn_proxy_expanded5,best_val_dqn_proxy_softmax3,best_val_macro_f1,best_val_metric,cache_len,cache_root,checkpoint_tags,class_weight_mode,config_path,dataset_tag,early_stopping_mode,entropy_loss_weight,epochs,family_tag,grad_clip_norm,has_config,has_history,has_summary,history_lr_best,history_lr_last,history_lr_len,history_path,history_train_loss_best,history_train_loss_last,history_train_loss_len,history_val_acc_best,history_val_acc_last,history_val_acc_len,history_val_dqn_proxy_expanded5_best,history_val_dqn_proxy_expanded5_last,history_val_dqn_proxy_expanded5_len,history_val_dqn_proxy_softmax3_best,history_val_dqn_proxy_softmax3_last,history_val_dqn_proxy_softmax3_len,history_val_loss_best,history_val_loss_last,history_val_loss_len,history_val_macro_f1_best,history_val_macro_f1_last,history_val_macro_f1_len,known_pa_names,label_smoothing,lambda_center,lr,mlp_dropout,model_selection_metric,n_checkpoints,noise_tag,open_conf_selection_metric,paper_set,pas,protocols,result_root,run_dir,run_name,scheduler_name,seed,source_name,source_type,split_mode,summary_path,task,test_dqn_proxy_expanded5,test_dqn_proxy_softmax3,test_energy_auroc,test_entropy_auroc,test_expanded5_mean_auroc,test_known_acc,test_known_macro_f1,test_logit_variance_auroc,test_p1p2_auroc,test_pmax_auroc,test_softmax3_mean_auroc,unknown_pa_names,unknown_pas,weight_decay
,,,,,,,,,,"[""best_model"", ""history""]",,,,,,,,,False,False,False,,,,,,,,,,,,,,,,,,,,,,,,,,,,,2,,,,,,results_pa_baseline,results_pa_baseline/22-05_04-21-26,,,,,,,,,,,,,,,,,,,,,,
,,,,,,,,,,"[""best_model""]",,,,,,,,,False,True,False,,,,results_pa_baseline/22-23_04-21-26/history.json,1.144409652763889,0.38334295068468366,10,0.9472222222222222,0.9472222222222222,10,,,,,,,0.9239906116813977,0.21627626001007028,10,0.9471478976771537,0.9471478976771537,10,,,,,,,1,,,,,,results_pa_baseline,results_pa_baseline/22-23_04-21-26,,,,,,,,,,,,,,,,,,,,,,
,,,,,,,,,,"[""best_model""]",,,,,,,,,False,True,False,,,,results_pa_baseline/22-46_04-21-26/history.json,1.1410901347086544,0.38936030048699605,10,0.9333333333333333,0.85,10,,,,,,,0.7512070380979115,0.4685252198535535,10,0.9332729081701749,0.8470508143552841,10,,,,,,,1,,,,,,results_pa_baseline,results_pa_baseline/22-46_04-21-26,,,,,,,,,,,,,,,,,,,,,,
,8,7,0.9944444444444445,,,0.9944437584887023,,8192,,"[""best_model""]",,results_pa_baseline/22-59_04-21-26_c8192_lr1e3_bs8_lc01_wd0/config.json,,,,40,,,True,True,True,,,,results_pa_baseline/22-59_04-21-26_c8192_lr1e3_bs8_lc01_wd0/history.json,0.94124843336287,0.42082815993399847,15,0.9944444444444445,0.9805555555555555,15,,,,,,,0.3499996311134762,0.1327353270517455,15,0.9944437584887023,0.9805261042935303,15,,,0.1,0.001,,,1,,,,,,results_pa_baseline,results_pa_baseline/22-59_04-21-26_c8192_lr1e3_bs8_lc01_wd0,c8192_lr1e3_bs8_lc01_wd0,,0,,,closed,results_pa_baseline/22-59_04-21-26_c8192_lr1e3_bs8_lc01_wd0/summary.json,pa,,,,,,,,,,,,,,0.0
,8,16,0.9944444444444445,,,0.9944437584887023,,8192,,"[""best_model""]",,results_pa_baseline/23-00_04-21-26_c8192_lr5e4_bs8_lc01_wd0/config.json,,,,40,,,True,True,True,,,,results_pa_baseline/23-00_04-21-26_c8192_lr5e4_bs8_lc01_wd0/history.json,0.9361917807942345,0.38587761563914164,24,0.9944444444444445,0.9861111111111112,24,,,,,,,0.2732946084605323,0.1114332558380233,24,0.9944437584887023,0.9861003861003861,24,,,0.1,0.0005,,,1,,,,,,results_pa_baseline,results_pa_baseline/23-00_04-21-26_c8192_lr5e4_bs8_lc01_wd0,c8192_lr5e4_bs8_lc01_wd0,,0,,,closed,results_pa_baseline/23-00_04-21-26_c8192_lr5e4_bs8_lc01_wd0/summary.json,pa,,,,,,,,,,,,,,0.0
,8,9,0.9944444444444445,,,0.9944437584887023,,8192,,"[""best_model""]",,results_pa_baseline/23-02_04-21-26_c8192_lr2e4_bs8_lc01_wd0/config.json,,,,40,,,True,True,True,,,,results_pa_baseline/23-02_04-21-26_c8192_lr2e4_bs8_lc01_wd0/history.json,0.9756881353401002,0.41865388311090923,17,0.9944444444444445,0.9777777777777777,17,,,,,,,0.3549160949058003,0.12440115246507856,17,0.9944437584887023,0.9777337951509154,17,,,0.1,0.0002,,,1,,,,,,results_pa_baseline,results_pa_baseline/23-02_04-21-26_c8192_lr2e4_bs8_lc01_wd0,c8192_lr2e4_bs8_lc01_wd0,,0,,,closed,results_pa_baseline/23-02_04-21-26_c8192_lr2e4_bs8_lc01_wd0/summary.json,pa,,,,,,,,,,,,,,0.0
,8,12,0.9944444444444445,,,0.9944444444444445,,8192,,"[""best_model""]",,results_pa_baseline/23-03_04-21-26_c8192_lr5e4_bs8_lc00_wd0/config.json,,,,40,,,True,True,True,,,,results_pa_baseline/23-03_04-21-26_c8192_lr5e4_bs8_lc00_wd0/history.json,0.811259775644257,0.384755474896658,20,0.9944444444444445,0.9833333333333333,20,,,,,,,0.27709259175592,0.09847256077660455,20,0.9944444444444445,0.9833250988142292,20,,,0.0,0.0005,,,1,,,,,,results_pa_baseline,results_pa_baseline/23-03_04-21-26_c8192_lr5e4_bs8_lc00_wd0,c8192_lr5e4_bs8_lc00_wd0,,0,,,closed,results_pa_baseline/23-03_04-21-26_c8192_lr5e4_bs8_lc00_wd0/summary.json,pa,,,,,,,,,,,,,,0.0
,8,9,0.9944444444444445,,,0.9944437584887023,,8192,,"[""best_model""]",,results_pa_baseline/23-04_04-21-26_c8192_lr5e4_bs8_lc005_wd0/config.json,,,,40,,,True,True,True,,,,results_pa_baseline/23-04_04-21-26_c8192_lr5e4_bs8_lc005_wd0/history.json,0.8820833430403755,0.394771637235369,17,0.9944444444444445,0.9777777777777777,17,,,,,,,0.32120941480000814,0.13914706177181668,17,0.9944437584887023,0.9777337951509154,17,,,0.05,0.0005,,,1,,,,,,results_pa_baseline,results_pa_baseline/23-04_04-21-26_c8192_lr5e4_bs8_lc005_wd0,c8192_lr5e4_bs8_lc005_wd0,,0,,,closed,results_pa_baseline/23-04_04-21-26_c8192_lr5e4_bs8_lc005_wd0/summary.json,pa,,,,,,,,,,,,,,0.0
,8,4,0.9944444444444445,,,0.9944437584887023,,8192,,"[""best_model""]",,results_pa_baseline/23-05_04-21-26_c8192_lr5e4_bs8_lc02_wd0/config.json,,,,40,,,True,True,True,,,,results_pa_baseline/23-05_04-21-26_c8192_lr5e4_bs8_lc02_wd0/history.json,1.0419341240610396,0.44826668344792864,12,0.9944444444444445,0.9916666666666667,12,,,,,,,0.3211601633164618,0.1101401741305987,12,0.9944437584887023,0.991666409457082,12,,,0.2,0.0005,,,1,,,,,,results_pa_baseline,results_pa_baseline/23-05_04-21-26_c8192_lr5e4_bs8_lc02_wd0,c8192_lr5e4_bs8_lc02_wd0,,0,,,closed,results_pa_baseline/23-05_04-21-26_c8192_lr5e4_bs8_lc02_wd0/summary.json,pa,,,,,,,,,,,,,,0.0
,4,4,0.9888888888888889,,,0.9888882029331467,,8192,,"[""best_model""]",,results_pa_baseline/23-06_04-21-26_c8192_lr5e4_bs4_lc01_wd0/config.json,,,,40,,,True,True,True,,,,results_pa_baseline/23-06_04-21-26_c8192_lr5e4_bs4_lc01_wd0/history.json,1.0144133837450118,0.4457139157113575,12,0.9888888888888889,0.9583333333333334,12,,,,,,,0.42131946641537876,0.15371406061781778,12,0.9888882029331467,0.9580419580419581,12,,,0.1,0.0005,,,1,,,,,,results_pa_baseline,results_pa_baseline/23-06_04-21-26_c8192_lr5e4_bs4_lc01_wd0,c8192_lr5e4_bs4_lc01_wd0,,0,,,closed,results_pa_baseline/23-06_04-21-26_c8192_lr5e4_bs4_lc01_wd0/summary.json,pa,,,,,,,,,,,,,,0.0
,16,17,0.9944444444444445,,,0.9944437584887023,,8192,,"[""best_model""]",,results_pa_baseline/23-07_04-21-26_c8192_lr5e4_bs16_lc01_wd0/config.json,,,,40,,,True,True,True,,,,results_pa_baseline/23-07_04-21-26_c8192_lr5e4_bs16_lc01_wd0/history.json,0.9231027285257976,0.38931499662853425,25,0.9944444444444445,0.9916666666666667,25,,,,,,,0.4357696990172068,0.09904755072461234,25,0.9944437584887023,0.9916643512086691,25,,,0.1,0.0005,,,1,,,,,,results_pa_baseline,results_pa_baseline/23-07_04-21-26_c8192_lr5e4_bs16_lc01_wd0,c8192_lr5e4_bs16_lc01_wd0,,0,,,closed,results_pa_baseline/23-07_04-21-26_c8192_lr5e4_bs16_lc01_wd0/summary.json,pa,,,,,,,,,,,,,,0.0
,8,18,0.9944444444444445,,,0.9944437584887023,,8192,,"[""best_model""]",,results_pa_baseline/23-08_04-21-26_c8192_lr5e4_bs8_lc01_wd1e5/config.json,,,,40,,,True,True,True,,,,results_pa_baseline/23-08_04-21-26_c8192_lr5e4_bs8_lc01_wd1e5/history.json,0.9177461053643908,0.3850027024745941,26,0.9944444444444445,0.9916666666666667,26,,,,,,,0.34336990581618415,0.09464359962277942,26,0.9944437584887023,0.991666409457082,26,,,0.1,0.0005,,,1,,,,,,results_pa_baseline,results_pa_baseline/23-08_04-21-26_c8192_lr5e4_bs8_lc01_wd1e5,c8192_lr5e4_bs8_lc01_wd1e5,,0,,,closed,results_pa_baseline/23-08_04-21-26_c8192_lr5e4_bs8_lc01_wd1e5/summary.json,pa,,,,,,,,,,,,,,1e-05
,8,5,0.9944444444444445,,,0.9944437584887023,,8192,,"[""best_model""]",,results_pa_baseline/End OF 1st IT 23-10_04-21-26_c8192_lr5e4_bs8_lc01_wd1e4/config.json,,,,40,,,True,True,True,,,,results_pa_baseline/End OF 1st IT 23-10_04-21-26_c8192_lr5e4_bs8_lc01_wd1e4/history.json,0.9424129752885728,0.41820351978143055,13,0.9944444444444445,0.9805555555555555,13,,,,,,,0.47566083470980325,0.14316300402084986,13,0.9944437584887023,0.9805405405405405,13,,,0.1,0.0005,,,1,,,,,,results_pa_baseline,results_pa_baseline/End OF 1st IT 23-10_04-21-26_c8192_lr5e4_bs8_lc01_wd1e4,c8192_lr5e4_bs8_lc01_wd1e4,,0,,,closed,results_pa_baseline/End OF 1st IT 23-10_04-21-26_c8192_lr5e4_bs8_lc01_wd1e4/summary.json,pa,,,,,,,,,,,,,,0.0001
,16,17,0.9916666666666667,,,0.9916643512086691,,4096,,"[""best_model""]",,results_pa_cache_sweep/01-10_04-22-26_c4096_bs16_lr5e4_lc01_wd0_seed0/config.json,,,,40,,,True,True,True,,,,results_pa_cache_sweep/01-10_04-22-26_c4096_bs16_lr5e4_lc01_wd0_seed0/history.json,0.8796398957570394,0.38322561496780033,25,0.9916666666666667,0.9916666666666667,25,,,,,,,0.23880289925469292,0.10738354325294494,25,0.9916643512086691,0.9916643512086691,25,,,0.1,0.0005,,,1,,,,,,results_pa_cache_sweep,results_pa_cache_sweep/01-10_04-22-26_c4096_bs16_lr5e4_lc01_wd0_seed0,c4096_bs16_lr5e4_lc01_wd0_seed0,,0,,,closed,results_pa_cache_sweep/01-10_04-22-26_c4096_bs16_lr5e4_lc01_wd0_seed0/summary.json,pa,,,,,,,,,,,,,,0.0
,16,11,0.9972222222222222,,,0.997222136485694,,8192,,"[""best_model""]",,results_pa_cache_sweep/01-11_04-22-26_c8192_bs16_lr5e4_lc01_wd0_seed0/config.json,,,,40,,,True,True,True,,,,results_pa_cache_sweep/01-11_04-22-26_c8192_bs16_lr5e4_lc01_wd0_seed0/history.json,0.925315427212488,0.3981407193910508,19,0.9972222222222222,0.9972222222222222,19,,,,,,,0.3626994960837894,0.09571951578060786,19,0.997222136485694,0.997222136485694,19,,,0.1,0.0005,,,1,,,,,,results_pa_cache_sweep,results_pa_cache_sweep/01-11_04-22-26_c8192_bs16_lr5e4_lc01_wd0_seed0,c8192_bs16_lr5e4_lc01_wd0_seed0,,0,,,closed,results_pa_cache_sweep/01-11_04-22-26_c8192_bs16_lr5e4_lc01_wd0_seed0/summary.json,pa,,,,,,,,,,,,,,0.0
,16,8,1.0,,,1.0,,16384,,"[""best_model""]",,results_pa_cache_sweep/02-38_04-22-26_c16384_bs16_lr5e4_lc01_wd0_seed0/config.json,,,,40,,,True,True,True,,,,results_pa_cache_sweep/02-38_04-22-26_c16384_bs16_lr5e4_lc01_wd0_seed0/history.json,0.8718543296768552,0.4006340211346036,16,1.0,0.9944444444444445,16,,,,,,,0.2848747279908922,0.0988970677057902,16,1.0,0.9944437584887023,16,,,0.1,0.0005,,,1,,,,,,results_pa_cache_sweep,results_pa_cache_sweep/02-38_04-22-26_c16384_bs16_lr5e4_lc01_wd0_seed0,c16384_bs16_lr5e4_lc01_wd0_seed0,,0,,,closed,results_pa_cache_sweep/02-38_04-22-26_c16384_bs16_lr5e4_lc01_wd0_seed0/summary.json,pa,,,,,,,,,,,,,,0.0
,16,,,,,,,32768,,[],,results_pa_cache_sweep/04-05_04-22-26_c32768_bs16_lr5e4_lc01_wd0_seed0/config.json,,,,40,,,True,False,False,,,,,,,,,,,,,,,,,,,,,,,,,0.1,0.0005,,,0,,,,,,results_pa_cache_sweep,results_pa_cache_sweep/04-05_04-22-26_c32768_bs16_lr5e4_lc01_wd0_seed0,c32768_bs16_lr5e4_lc01_wd0_seed0,,0,,,closed,,pa,,,,,,,,,,,,,,0.0
,16,5,0.9972222222222222,,,0.997222136485694,,4096,,"[""best_model""]",,results_pa_cache_sweep/05-11_04-22-26_c4096_bs16_lr5e4_lc01_wd0_seed0/config.json,,,,40,,,True,True,True,,,,results_pa_cache_sweep/05-11_04-22-26_c4096_bs16_lr5e4_lc01_wd0_seed0/history.json,0.8606256008148193,0.4453112094175248,13,0.9972222222222222,0.9777777777777777,13,,,,,,,0.21010208162996505,0.14531464179356893,13,0.997222136485694,0.9777337951509154,13,,,0.1,0.0005,,,1,,,,,,results_pa_cache_sweep,results_pa_cache_sweep/05-11_04-22-26_c4096_bs16_lr5e4_lc01_wd0_seed0,c4096_bs16_lr5e4_lc01_wd0_seed0,,0,,,closed,results_pa_cache_sweep/05-11_04-22-26_c4096_bs16_lr5e4_lc01_wd0_seed0/summary.json,pa,,,,,,,,,,,,,,0.0
,16,7,0.9944444444444445,,,0.9944437584887023,,8192,,"[""best_model""]",,results_pa_cache_sweep/05-11_04-22-26_c8192_bs16_lr5e4_lc01_wd0_seed0/config.json,,,,40,,,True,True,True,,,,results_pa_cache_sweep/05-11_04-22-26_c8192_bs16_lr5e4_lc01_wd0_seed0/history.json,0.8934464156627655,0.4115032389050438,15,0.9944444444444445,0.9888888888888889,15,,,,,,,0.3077614188194275,0.10401758667495516,15,0.9944437584887023,0.9888875169774046,15,,,0.1,0.0005,,,1,,,,,,results_pa_cache_sweep,results_pa_cache_sweep/05-11_04-22-26_c8192_bs16_lr5e4_lc01_wd0_seed0,c8192_bs16_lr5e4_lc01_wd0_seed0,,0,,,closed,results_pa_cache_sweep/05-11_04-22-26_c8192_bs16_lr5e4_lc01_wd0_seed0/summary.json,pa,,,,,,,,,,,,,,0.0
,16,6,1.0,,,1.0,,16384,,"[""best_model""]",,results_pa_cache_sweep/05-12_04-22-26_c16384_bs16_lr5e4_lc01_wd0_seed0/config.json,,,,40,,,True,True,True,,,,results_pa_cache_sweep/05-12_04-22-26_c16384_bs16_lr5e4_lc01_wd0_seed0/history.json,0.8661762793858846,0.4099533790633792,14,1.0,1.0,14,,,,,,,0.368508466747072,0.09064358621835708,14,1.0,1.0,14,,,0.1,0.0005,,,1,,,,,,results_pa_cache_sweep,results_pa_cache_sweep/05-12_04-22-26_c16384_bs16_lr5e4_lc01_wd0_seed0,c16384_bs16_lr5e4_lc01_wd0_seed0,,0,,,closed,results_pa_cache_sweep/05-12_04-22-26_c16384_bs16_lr5e4_lc01_wd0_seed0/summary.json,pa,,,,,,,,,,,,,,0.0
,16,,,,,,,32768,,[],,results_pa_cache_sweep/05-14_04-22-26_c32768_bs16_lr5e4_lc01_wd0_seed0/config.json,,,,40,,,True,False,False,,,,,,,,,,,,,,,,,,,,,,,,,0.1,0.0005,,,0,,,,,,results_pa_cache_sweep,results_pa_cache_sweep/05-14_04-22-26_c32768_bs16_lr5e4_lc01_wd0_seed0,c32768_bs16_lr5e4_lc01_wd0_seed0,,0,,,closed,,pa,,,,,,,,,,,,,,0.0
,8,,,,,,,32768,,[],,results_pa_cache_sweep/10-07_04-22-26_c32768_bs8_lr5e4_lc01_wd0_seed0/config.json,,,,40,,,True,False,False,,,,,,,,,,,,,,,,,,,,,,,,,0.1,0.0005,,,0,,,,,,results_pa_cache_sweep,results_pa_cache_sweep/10-07_04-22-26_c32768_bs8_lr5e4_lc01_wd0_seed0,c32768_bs8_lr5e4_lc01_wd0_seed0,,0,,,closed,,pa,,,,,,,,,,,,,,0.0
,8,4,0.9972222222222222,,,0.997222136485694,,32768,,"[""best_model""]",,results_pa_cache_sweep/10-09_04-22-26_c32768_bs8_lr5e4_lc01_wd0_seed0/config.json,,,,40,,,True,True,True,,,,results_pa_cache_sweep/10-09_04-22-26_c32768_bs8_lr5e4_lc01_wd0_seed0/history.json,0.8788676331440608,0.4114924185332798,12,0.9972222222222222,0.9861111111111112,12,,,,,,,0.31496818876928756,0.10322464621729321,12,0.997222136485694,0.9861003861003861,12,,,0.1,0.0005,,,1,,,,,,results_pa_cache_sweep,results_pa_cache_sweep/10-09_04-22-26_c32768_bs8_lr5e4_lc01_wd0_seed0,c32768_bs8_lr5e4_lc01_wd0_seed0,,0,,,closed,results_pa_cache_sweep/10-09_04-22-26_c32768_bs8_lr5e4_lc01_wd0_seed0/summary.json,pa,,,,,,,,,,,,,,0.0
,8,,,,,,,65536,,[],,results_pa_cache_sweep/11-38_04-22-26_c65536_bs8_lr5e4_lc01_wd0_seed0/config.json,,,,40,,,True,False,False,,,,,,,,,,,,,,,,,,,,,,,,,0.1,0.0005,,,0,,,,,,results_pa_cache_sweep,results_pa_cache_sweep/11-38_04-22-26_c65536_bs8_lr5e4_lc01_wd0_seed0,c65536_bs8_lr5e4_lc01_wd0_seed0,,0,,,closed,,pa,,,,,,,,,,,,,,0.0
,8,,,,,,,65536,,[],,results_pa_cache_sweep/11-49_04-22-26_c65536_bs8_lr5e4_lc01_wd0_seed0/config.json,,,,40,,,True,False,False,,,,,,,,,,,,,,,,,,,,,,,,,0.1,0.0005,,,0,,,,,,results_pa_cache_sweep,results_pa_cache_sweep/11-49_04-22-26_c65536_bs8_lr5e4_lc01_wd0_seed0,c65536_bs8_lr5e4_lc01_wd0_seed0,,0,,,closed,,pa,,,,,,,,,,,,,,0.0
,16,,,,,,,16384,,"[""best_model""]",,results_pa_confmanifold_coarse/12-10_04-29-26_confman_baseline_knownonly_unkPA2_c16384_seed0/config.json,,known_only,0.0,200,,,True,False,False,,,,,,,,,,,,,,,,,,,,,,,,0.1,0.1,0.0005,0.3,val_macro_f1,1,,dqn_proxy_softmax3,,,,results_pa_confmanifold_coarse,results_pa_confmanifold_coarse/12-10_04-29-26_confman_baseline_knownonly_unkPA2_c16384_seed0,confman_baseline_knownonly_unkPA2_c16384_seed0,cosine,0,,,open_pa,,pa,,,,,,,,,,,,,"[""PA2""]",0.0
,16,,,,,,,16384,,[],,results_pa_confmanifold_coarse/12-11_04-29-26_confman_baseline_knownonly_unkPA2_c16384_seed0/config.json,,known_only,0.0,200,,,True,False,False,,,,,,,,,,,,,,,,,,,,,,,,0.1,0.1,0.0005,0.3,val_macro_f1,0,,dqn_proxy_softmax3,,,,results_pa_confmanifold_coarse,results_pa_confmanifold_coarse/12-11_04-29-26_confman_baseline_knownonly_unkPA2_c16384_seed0,confman_baseline_knownonly_unkPA2_c16384_seed0,cosine,0,,,open_pa,,pa,,,,,,,,,,,,,"[""PA2""]",0.0
,16,,,,,,,16384,,[],,results_pa_confmanifold_coarse/12-18_04-29-26_confman_baseline_knownonly_unkPA2_c16384_seed0/config.json,,known_only,0.0,200,,,True,False,False,,,,,,,,,,,,,,,,,,,,,,,,0.1,0.1,0.0005,0.3,val_macro_f1,0,,dqn_proxy_softmax3,,,,results_pa_confmanifold_coarse,results_pa_confmanifold_coarse/12-18_04-29-26_confman_baseline_knownonly_unkPA2_c16384_seed0,confman_baseline_knownonly_unkPA2_c16384_seed0,cosine,0,,,open_pa,,pa,,,,,,,,,,,,,"[""PA2""]",0.0
,16,,,,,,,16384,,[],,results_pa_confmanifold_coarse/12-28_04-29-26_confman_baseline_knownonly_unkPA2_c16384_seed0/config.json,,known_only,0.0,200,,,True,False,False,,,,,,,,,,,,,,,,,,,,,,,,0.1,0.1,0.0005,0.3,val_macro_f1,0,,dqn_proxy_softmax3,,,,results_pa_confmanifold_coarse,results_pa_confmanifold_coarse/12-28_04-29-26_confman_baseline_knownonly_unkPA2_c16384_seed0,confman_baseline_knownonly_unkPA2_c16384_seed0,cosine,0,,,open_pa,,pa,,,,,,,,,,,,,"[""PA2""]",0.0
,16,,,,,,,16384,,[],,results_pa_confmanifold_coarse/12-49_04-29-26_confman_baseline_knownonly_unkPA2_c16384_seed0/config.json,,known_only,0.0,200,,,True,False,False,,,,,,,,,,,,,,,,,,,,,,,,0.1,0.1,0.0005,0.3,val_macro_f1,0,,dqn_proxy_softmax3,,,,results_pa_confmanifold_coarse,results_pa_confmanifold_coarse/12-49_04-29-26_confman_baseline_knownonly_unkPA2_c16384_seed0,confman_baseline_knownonly_unkPA2_c16384_seed0,cosine,0,,,open_pa,,pa,,,,,,,,,,,,,"[""PA2""]",0.0
"[""best_model"", ""epoch_20"", ""final_model""]",16,6,0.9925925925925926,0.8288029250429391,0.852484372421662,0.9925916779849363,0.9925916779849363,16384,,"[""best_model"", ""epoch_20"", ""final_model""]",,results_pa_confmanifold_coarse/15-32_04-29-26_confman_baseline_knownonly_unkPA2_c16384_seed0/config.json,,known_only,0.0,200,,,True,True,True,0.0005,0.0004877665762479736,21,results_pa_confmanifold_coarse/15-32_04-29-26_confman_baseline_knownonly_unkPA2_c16384_seed0/history.json,0.6291015642029899,0.32983005236065577,21,0.9925925925925926,0.9925925925925926,21,0.8929853463012264,0.8303982175444651,21,0.956318944469539,0.8082695134230615,21,0.1806962863162712,0.11115510044274507,21,0.9925916779849363,0.9925916779849363,21,"[""PA3"", ""PA4"", ""PA8""]",0.1,0.1,0.0005,0.3,val_macro_f1,3,,dqn_proxy_softmax3,,,,results_pa_confmanifold_coarse,results_pa_confmanifold_coarse/15-32_04-29-26_confman_baseline_knownonly_unkPA2_c16384_seed0,confman_baseline_knownonly_unkPA2_c16384_seed0,cosine,0,pilot_noisy_torch,digital,open_pa,results_pa_confmanifold_coarse/15-32_04-29-26_confman_baseline_knownonly_unkPA2_c16384_seed0/summary.json,pa,0.8398422523133681,0.8631804548494403,0.6646949891067538,0.7481263616557734,0.7079571532316631,0.9962962962962963,0.9962961819809254,0.6315395787944809,0.7473202614379085,0.7481045751633986,0.7478503994190269,"[""PA2""]","[""PA2""]",0.0
"[""best_model"", ""epoch_20"", ""final_model""]",16,26,0.9962962962962963,0.8644936298195733,0.9090352028038866,0.9962961819809254,0.9962961819809254,16384,,"[""best_model"", ""epoch_20"", ""final_model""]",,results_pa_confmanifold_coarse/15-33_04-29-26_confman_baseline_knownonly_unkPA3_c16384_seed0/config.json,,known_only,0.0,200,,,True,True,True,0.0005,0.000452263797744018,41,results_pa_confmanifold_coarse/15-33_04-29-26_confman_baseline_knownonly_unkPA3_c16384_seed0/history.json,0.7117443729014624,0.33949260598137265,41,0.9962962962962963,0.9925925925925926,41,0.9312882777155876,0.8570711425087507,41,0.9828426123711056,0.8981962248157761,41,0.22431901373245097,0.08552259190215004,41,0.9962961819809254,0.9925916779849363,41,"[""PA2"", ""PA4"", ""PA8""]",0.1,0.1,0.0005,0.3,val_macro_f1,3,,dqn_proxy_softmax3,,,,results_pa_confmanifold_coarse,results_pa_confmanifold_coarse/15-33_04-29-26_confman_baseline_knownonly_unkPA3_c16384_seed0,confman_baseline_knownonly_unkPA3_c16384_seed0,cosine,0,pilot_noisy_torch,digital,open_pa,results_pa_confmanifold_coarse/15-33_04-29-26_confman_baseline_knownonly_unkPA3_c16384_seed0/summary.json,pa,0.8828795107647462,0.9297082777494028,0.6643173565722585,0.8712527233115467,0.7823740014524327,0.9962962962962963,0.9962961819809254,0.644840232389252,0.8617538126361655,0.8697058823529411,0.8675708061002178,"[""PA3""]","[""PA3""]",0.0
"[""best_model"", ""epoch_20"", ""final_model""]",16,5,0.9925925925925926,0.7168464699320536,0.7803285626914934,0.9925925925925926,0.9925925925925926,16384,,"[""best_model"", ""epoch_20"", ""final_model""]",,results_pa_confmanifold_coarse/15-37_04-29-26_confman_baseline_knownonly_unkPA4_c16384_seed0/config.json,,known_only,0.0,200,,,True,True,True,0.0005,0.0004889504640488425,20,results_pa_confmanifold_coarse/15-37_04-29-26_confman_baseline_knownonly_unkPA4_c16384_seed0/history.json,0.7569998604910714,0.365450643452387,20,0.9925925925925926,0.9777777777777777,20,0.9574209719798672,0.7223530105314399,20,0.9686123704609209,0.7717845749624527,20,0.25670446146417547,0.12593134647166287,20,0.9925925925925926,0.9777750339548094,20,"[""PA2"", ""PA3"", ""PA8""]",0.1,0.1,0.0005,0.3,val_macro_f1,3,,dqn_proxy_softmax3,,,,results_pa_confmanifold_coarse,results_pa_confmanifold_coarse/15-37_04-29-26_confman_baseline_knownonly_unkPA4_c16384_seed0,confman_baseline_knownonly_unkPA4_c16384_seed0,cosine,0,pilot_noisy_torch,digital,open_pa,results_pa_confmanifold_coarse/15-37_04-29-26_confman_baseline_knownonly_unkPA4_c16384_seed0/summary.json,pa,0.7109630156246222,0.7377335472475458,0.4439869281045752,0.552875816993464,0.5054684095860568,1.0,1.0,0.45060275962236745,0.5359114015976761,0.5439651416122004,0.5442507867344469,"[""PA4""]","[""PA4""]",0.0
"[""best_model"", ""epoch_20"", ""final_model""]",16,7,0.9925925925925926,0.9630072159411285,0.9791402210264679,0.9925916779849363,0.9925916779849363,16384,,"[""best_model"", ""epoch_20"", ""final_model""]",,results_pa_confmanifold_coarse/15-38_04-29-26_confman_baseline_knownonly_unkPA8_c16384_seed0/config.json,,known_only,0.0,200,,,True,True,True,0.0005,0.00048652403543894486,22,results_pa_confmanifold_coarse/15-38_04-29-26_confman_baseline_knownonly_unkPA8_c16384_seed0/history.json,0.620000512259347,0.3247042545250484,22,0.9925925925925926,0.9925925925925926,22,0.9702856592011007,0.8965051572007487,22,0.9863516706549489,0.9175764209800175,22,0.1619716480926231,0.10065297903837982,22,0.9925916779849363,0.9925916779849363,22,"[""PA2"", ""PA3"", ""PA4""]",0.1,0.1,0.0005,0.3,val_macro_f1,3,,dqn_proxy_softmax3,,,,results_pa_confmanifold_coarse,results_pa_confmanifold_coarse/15-38_04-29-26_confman_baseline_knownonly_unkPA8_c16384_seed0,confman_baseline_knownonly_unkPA8_c16384_seed0,cosine,0,pilot_noisy_torch,digital,open_pa,results_pa_confmanifold_coarse/15-38_04-29-26_confman_baseline_knownonly_unkPA8_c16384_seed0/summary.json,pa,0.966472354800234,0.982922832236103,0.9711837327523603,0.9811982570806099,0.9481220043572984,0.9851851851851852,0.9851778656126483,0.8274074074074074,0.9795642701525055,0.9812563543936093,0.9806729605422415,"[""PA8""]","[""PA8""]",0.0
"[""best_model"", ""epoch_20"", ""final_model""]",16,6,0.9851851851851852,0.8985644362145481,0.9019465308883996,0.9851851851851853,0.9019465308883996,16384,,"[""best_model"", ""epoch_20"", ""final_model""]",,results_pa_confmanifold_coarse/15-40_04-29-26_confman_baseline_openconf_unkPA2_c16384_seed0/config.json,,open_conf,0.0,200,,,True,True,True,0.0005,0.0004877665762479736,21,results_pa_confmanifold_coarse/15-40_04-29-26_confman_baseline_openconf_unkPA2_c16384_seed0/history.json,0.6365650960377285,0.34171039698615907,21,0.9925925925925926,0.9925925925925926,21,0.8985644362145481,0.8392982078468236,21,0.9019465308883996,0.8594991210611841,21,0.24503263058485808,0.08988976456500866,21,0.9925916779849363,0.9925916779849363,21,"[""PA3"", ""PA4"", ""PA8""]",0.1,0.1,0.0005,0.3,val_macro_f1,3,,dqn_proxy_softmax3,,,,results_pa_confmanifold_coarse,results_pa_confmanifold_coarse/15-40_04-29-26_confman_baseline_openconf_unkPA2_c16384_seed0,confman_baseline_openconf_unkPA2_c16384_seed0,cosine,0,pilot_noisy_torch,digital,open_pa,results_pa_confmanifold_coarse/15-40_04-29-26_confman_baseline_openconf_unkPA2_c16384_seed0/summary.json,pa,0.8991214971684186,0.9059082389358164,0.8153957879448075,0.8244662309368193,0.8114248366013073,0.9962962962962963,0.9962961819809254,0.7705664488017429,0.8222730573710967,0.8244226579520696,0.8237206487533285,"[""PA2""]","[""PA2""]",0.0
"[""best_model"", ""epoch_20"", ""final_model""]",16,10,0.9925925925925926,0.9589248984300813,0.9865626168067372,0.9925925925925926,0.9865626168067372,16384,,"[""best_model"", ""epoch_20"", ""final_model""]",,results_pa_confmanifold_coarse/15-42_04-29-26_confman_baseline_openconf_unkPA3_c16384_seed0/config.json,,open_conf,0.0,200,,,True,True,True,0.0005,0.0004824476326477683,25,results_pa_confmanifold_coarse/15-42_04-29-26_confman_baseline_openconf_unkPA3_c16384_seed0/history.json,0.7270238595349449,0.33796994099541317,25,1.0,0.9888888888888889,25,0.9672505686488069,0.9646162793940083,25,0.9865626168067372,0.9676336019190953,25,0.2405574110371095,0.09226964629358715,25,1.0,0.9888858016115588,25,"[""PA2"", ""PA4"", ""PA8""]",0.1,0.1,0.0005,0.3,val_macro_f1,3,,dqn_proxy_softmax3,,,,results_pa_confmanifold_coarse,results_pa_confmanifold_coarse/15-42_04-29-26_confman_baseline_openconf_unkPA3_c16384_seed0,confman_baseline_openconf_unkPA3_c16384_seed0,cosine,0,pilot_noisy_torch,digital,open_pa,results_pa_confmanifold_coarse/15-42_04-29-26_confman_baseline_openconf_unkPA3_c16384_seed0/summary.json,pa,0.9621564831352619,0.9920422904675035,0.9791103848946987,0.9870334059549746,0.9257450980392156,1.0,1.0,0.6971713870733478,0.9817755991285402,0.983634713144517,0.9841479060760104,"[""PA3""]","[""PA3""]",0.0
"[""best_model"", ""epoch_20"", ""final_model""]",16,33,0.9888888888888889,0.8826454294667284,0.9671743805991763,0.9888858016115588,0.9671743805991763,16384,,"[""best_model"", ""epoch_20"", ""final_model""]",,results_pa_confmanifold_coarse/15-44_04-29-26_confman_baseline_openconf_unkPA4_c16384_seed0/config.json,,open_conf,0.0,200,,,True,True,True,0.0005,0.0004349207921899034,48,results_pa_confmanifold_coarse/15-44_04-29-26_confman_baseline_openconf_unkPA4_c16384_seed0/history.json,0.7224964475820935,0.32260062136347334,48,1.0,0.9888888888888889,48,0.8888651837695324,0.7484961831875638,48,0.9671743805991763,0.769072871084386,48,0.2640156767986439,0.10166673792733086,48,1.0,0.9888858016115588,48,"[""PA2"", ""PA3"", ""PA8""]",0.1,0.1,0.0005,0.3,val_macro_f1,3,,dqn_proxy_softmax3,,,,results_pa_confmanifold_coarse,results_pa_confmanifold_coarse/15-44_04-29-26_confman_baseline_openconf_unkPA4_c16384_seed0,confman_baseline_openconf_unkPA4_c16384_seed0,cosine,0,pilot_noisy_torch,digital,open_pa,results_pa_confmanifold_coarse/15-44_04-29-26_confman_baseline_openconf_unkPA4_c16384_seed0/summary.json,pa,0.8948561051564191,0.9819752057418478,0.5372331154684096,0.9654974582425563,0.8037443718228033,0.9962962962962963,0.9962961819809254,0.5779084967320262,0.9702033405954975,0.9678794480755265,0.9678600823045268,"[""PA4""]","[""PA4""]",0.0
"[""best_model"", ""epoch_20"", ""final_model""]",16,12,0.9925925925925926,0.9413692403782661,0.9766269857704207,0.9925916779849363,0.9766269857704207,16384,,"[""best_model"", ""epoch_20"", ""final_model""]",,results_pa_confmanifold_coarse/15-48_04-29-26_confman_baseline_openconf_unkPA8_c16384_seed0/config.json,,open_conf,0.0,200,,,True,True,True,0.0005,0.0004794427686897109,27,results_pa_confmanifold_coarse/15-48_04-29-26_confman_baseline_openconf_unkPA8_c16384_seed0/history.json,0.5860791666167123,0.32220290303230287,27,0.9925925925925926,0.9925925925925926,27,0.9478728516485774,0.8877047699399084,27,0.9766269857704207,0.9270613727446607,27,0.15476800402005514,0.08877379541043882,27,0.9925916779849363,0.9925916779849363,27,"[""PA2"", ""PA3"", ""PA4""]",0.1,0.1,0.0005,0.3,val_macro_f1,3,,dqn_proxy_softmax3,,,,results_pa_confmanifold_coarse,results_pa_confmanifold_coarse/15-48_04-29-26_confman_baseline_openconf_unkPA8_c16384_seed0,confman_baseline_openconf_unkPA8_c16384_seed0,cosine,0,pilot_noisy_torch,digital,open_pa,results_pa_confmanifold_coarse/15-48_04-29-26_confman_baseline_openconf_unkPA8_c16384_seed0/summary.json,pa,0.9409787182886499,0.9776021681048886,0.9153304284676834,0.9696368917937545,0.8987625272331154,0.9851851851851852,0.9851778656126483,0.6682280319535222,0.9709077705156136,0.9697095134350036,0.9700847252481238,"[""PA8""]","[""PA8""]",0.0
"[""best_model"", ""epoch_20"", ""final_model""]",16,8,0.9851851851851852,0.8704227635049286,0.8814830952942543,0.9851851851851853,0.8814830952942543,16384,,"[""best_model"", ""epoch_20"", ""final_model""]",,results_pa_confmanifold_coarse/15-51_04-29-26_confman_paperish_mild_unkPA2_c16384_seed0/config.json,,open_conf,0.02,200,,1.0,True,True,True,0.0001,0.0001,23,results_pa_confmanifold_coarse/15-51_04-29-26_confman_paperish_mild_unkPA2_c16384_seed0/history.json,0.971273414293925,0.11951191207719228,23,0.9925925925925926,0.9925925925925926,23,0.8704227635049286,0.6252406744832529,23,0.8814830952942543,0.4725165144789937,23,0.37655309350402266,0.03596624628537231,23,0.9925916779849363,0.9925916779849363,23,"[""PA3"", ""PA4"", ""PA8""]",0.0,0.1,0.0001,0.5,val_macro_f1,3,,dqn_proxy_softmax3,,,,results_pa_confmanifold_coarse,results_pa_confmanifold_coarse/15-51_04-29-26_confman_paperish_mild_unkPA2_c16384_seed0,confman_paperish_mild_unkPA2_c16384_seed0,plateau,0,pilot_noisy_torch,digital,open_pa,results_pa_confmanifold_coarse/15-51_04-29-26_confman_paperish_mild_unkPA2_c16384_seed0/summary.json,pa,0.8699613444471442,0.8792797230165394,0.6791067538126363,0.7696223674655047,0.7596463326071169,0.9962962962962963,0.9962961819809254,0.7911038489469862,0.7864488017429194,0.771949891067538,0.7760070200919874,"[""PA2""]","[""PA2""]",0.0001
"[""best_model"", ""epoch_20"", ""epoch_50"", ""final_model""]",16,43,0.9962962962962963,0.9823070814126987,0.9938687277347338,0.9962961819809254,0.9938687277347338,16384,,"[""best_model"", ""epoch_20"", ""epoch_50"", ""final_model""]",,results_pa_confmanifold_coarse/15-53_04-29-26_confman_paperish_mild_unkPA3_c16384_seed0/config.json,,open_conf,0.02,200,,1.0,True,True,True,0.0001,5e-05,58,results_pa_confmanifold_coarse/15-53_04-29-26_confman_paperish_mild_unkPA3_c16384_seed0/history.json,0.9832255270746019,0.06767635585533248,58,1.0,1.0,58,0.9823070814126987,0.9633126145834684,58,0.9938687277347338,0.990382420492358,58,0.4373372976426725,0.004008892785188638,58,1.0,1.0,58,"[""PA2"", ""PA4"", ""PA8""]",0.0,0.1,0.0001,0.5,val_macro_f1,4,,dqn_proxy_softmax3,,,,results_pa_confmanifold_coarse,results_pa_confmanifold_coarse/15-53_04-29-26_confman_paperish_mild_unkPA3_c16384_seed0,confman_paperish_mild_unkPA3_c16384_seed0,plateau,0,pilot_noisy_torch,digital,open_pa,results_pa_confmanifold_coarse/15-53_04-29-26_confman_paperish_mild_unkPA3_c16384_seed0/summary.json,pa,0.9814260078192362,0.994341404489094,0.9910421205519245,0.9929520697167755,0.9667777777777777,0.9962962962962963,0.9962961819809254,0.8656753812636165,0.991797385620915,0.9924219317356573,0.9923904623577826,"[""PA3""]","[""PA3""]",0.0001
"[""best_model"", ""epoch_20"", ""final_model""]",16,18,0.9925925925925926,0.944674207903721,0.9755877794567137,0.9925916779849363,0.9755877794567137,16384,,"[""best_model"", ""epoch_20"", ""final_model""]",,results_pa_confmanifold_coarse/15-57_04-29-26_confman_paperish_mild_unkPA4_c16384_seed0/config.json,,open_conf,0.02,200,,1.0,True,True,True,0.0001,0.0001,33,results_pa_confmanifold_coarse/15-57_04-29-26_confman_paperish_mild_unkPA4_c16384_seed0/history.json,0.959637517210037,0.10454960458335422,33,1.0,0.9740740740740741,33,0.944674207903721,0.7702202967620796,33,0.9755877794567137,0.8169747020072168,33,0.4733033855756124,0.061008211335650195,33,1.0,0.974034805724707,33,"[""PA2"", ""PA3"", ""PA8""]",0.0,0.1,0.0001,0.5,val_macro_f1,3,,dqn_proxy_softmax3,,,,results_pa_confmanifold_coarse,results_pa_confmanifold_coarse/15-57_04-29-26_confman_paperish_mild_unkPA4_c16384_seed0,confman_paperish_mild_unkPA4_c16384_seed0,plateau,0,pilot_noisy_torch,digital,open_pa,results_pa_confmanifold_coarse/15-57_04-29-26_confman_paperish_mild_unkPA4_c16384_seed0/summary.json,pa,0.937117484512458,0.9763259636160935,0.9373493100944081,0.9619389978213507,0.8847436456063906,0.9925925925925926,0.9925916779849363,0.6053885257806827,0.9575163398692811,0.9615250544662309,0.9603267973856209,"[""PA4""]","[""PA4""]",0.0001
"[""best_model"", ""epoch_20"", ""final_model""]",16,23,0.9925925925925926,0.9886418898249539,0.9877104486741228,0.9925916779849363,0.9877104486741228,16384,,"[""best_model"", ""epoch_20"", ""final_model""]",,results_pa_confmanifold_coarse/16-00_04-29-26_confman_paperish_mild_unkPA8_c16384_seed0/config.json,,open_conf,0.02,200,,1.0,True,True,True,0.0001,2.5e-05,38,results_pa_confmanifold_coarse/16-00_04-29-26_confman_paperish_mild_unkPA8_c16384_seed0/history.json,0.8754986628653512,0.06583391426811143,38,0.9925925925925926,0.9925925925925926,38,0.9886418898249539,0.9116118413883703,38,0.9877104486741228,0.941543513313859,38,0.23557563799398917,0.042099835088959446,38,0.9925916779849363,0.9925916779849363,38,"[""PA2"", ""PA3"", ""PA4""]",0.0,0.1,0.0001,0.5,val_macro_f1,3,,dqn_proxy_softmax3,,,,results_pa_confmanifold_coarse,results_pa_confmanifold_coarse/16-00_04-29-26_confman_paperish_mild_unkPA8_c16384_seed0,confman_paperish_mild_unkPA8_c16384_seed0,plateau,0,pilot_noisy_torch,digital,open_pa,results_pa_confmanifold_coarse/16-00_04-29-26_confman_paperish_mild_unkPA8_c16384_seed0/summary.json,pa,0.9824293253199344,0.980954973023858,0.9794843863471314,0.9806318082788672,0.9796884531590415,0.9851851851851852,0.9851778656126483,0.9887073347857661,0.9705192447349311,0.9790994916485113,0.9767501815541032,"[""PA8""]","[""PA8""]",0.0001
"[""best_model"", ""epoch_20"", ""final_model""]",16,22,0.9925925925925926,0.8045346339785401,0.8284101963477091,0.9925916779849363,0.8284101963477091,16384,,"[""best_model"", ""epoch_20"", ""final_model""]",,results_pa_confmanifold_coarse/16-03_04-29-26_confman_paperish_mid_unkPA2_c16384_seed0/config.json,,open_conf,0.05,200,,1.0,True,True,True,0.0001,5e-05,37,results_pa_confmanifold_coarse/16-03_04-29-26_confman_paperish_mid_unkPA2_c16384_seed0/history.json,1.0026721295856293,0.08537144417327548,37,0.9925925925925926,0.9925925925925926,37,0.8208493710701633,0.72448942722588,37,0.8284101963477091,0.6117825306023301,37,0.3865177975760566,0.03742998639397599,37,0.9925916779849363,0.9925916779849363,37,"[""PA3"", ""PA4"", ""PA8""]",0.0,0.1,0.0001,0.5,val_macro_f1,3,,dqn_proxy_softmax3,,,,results_pa_confmanifold_coarse,results_pa_confmanifold_coarse/16-03_04-29-26_confman_paperish_mid_unkPA2_c16384_seed0,confman_paperish_mid_unkPA2_c16384_seed0,plateau,0,pilot_noisy_torch,digital,open_pa,results_pa_confmanifold_coarse/16-03_04-29-26_confman_paperish_mid_unkPA2_c16384_seed0/summary.json,pa,0.7978712496431594,0.8154497921409334,0.5361946259985476,0.6709949164851126,0.6389651416122005,0.9962962962962963,0.9962961819809254,0.6563398692810458,0.6628249818445897,0.6684713144517067,0.6674304042604696,"[""PA2""]","[""PA2""]",0.0001
"[""best_model"", ""epoch_20"", ""final_model""]",16,25,0.9925925925925926,0.9442395492966771,0.9860651918532842,0.9925916779849363,0.9860651918532842,16384,,"[""best_model"", ""epoch_20"", ""final_model""]",,results_pa_confmanifold_coarse/16-06_04-29-26_confman_paperish_mid_unkPA3_c16384_seed0/config.json,,open_conf,0.05,200,,1.0,True,True,True,0.0001,0.0001,40,results_pa_confmanifold_coarse/16-06_04-29-26_confman_paperish_mid_unkPA3_c16384_seed0/history.json,0.9944518153629606,0.08754015719843289,40,0.9962962962962963,0.9925925925925926,40,0.9685583817822081,0.9308136641873054,40,0.9860651918532842,0.9774352673753082,40,0.44589682927838076,0.01165114853841563,40,0.9962961819809254,0.9925916779849363,40,"[""PA2"", ""PA4"", ""PA8""]",0.0,0.1,0.0001,0.5,val_macro_f1,3,,dqn_proxy_softmax3,,,,results_pa_confmanifold_coarse,results_pa_confmanifold_coarse/16-06_04-29-26_confman_paperish_mid_unkPA3_c16384_seed0,confman_paperish_mid_unkPA3_c16384_seed0,plateau,0,pilot_noisy_torch,digital,open_pa,results_pa_confmanifold_coarse/16-06_04-29-26_confman_paperish_mid_unkPA3_c16384_seed0/summary.json,pa,0.9468017486244188,0.9829501487443222,0.9529811183732751,0.967236746550472,0.8964335511982571,1.0,1.0,0.6306136528685548,0.9655591866376181,0.9657770515613653,0.9661909949164852,"[""PA3""]","[""PA3""]",0.0001
"[""best_model"", ""epoch_20"", ""final_model""]",16,16,0.9888888888888889,0.8957040159971333,0.9596781506254649,0.988888545942776,0.9596781506254649,16384,,"[""best_model"", ""epoch_20"", ""final_model""]",,results_pa_confmanifold_coarse/16-10_04-29-26_confman_paperish_mid_unkPA4_c16384_seed0/config.json,,open_conf,0.05,200,,1.0,True,True,True,0.0001,0.0001,31,results_pa_confmanifold_coarse/16-10_04-29-26_confman_paperish_mid_unkPA4_c16384_seed0/history.json,0.9734005642315698,0.10152704673154013,31,1.0,0.9888888888888889,31,0.8957040159971333,0.7352775667170016,31,0.9596781506254649,0.7615319474211254,31,0.3786553797898469,0.021094533152602336,31,1.0,0.988888545942776,31,"[""PA2"", ""PA3"", ""PA8""]",0.0,0.1,0.0001,0.5,val_macro_f1,3,,dqn_proxy_softmax3,,,,results_pa_confmanifold_coarse,results_pa_confmanifold_coarse/16-10_04-29-26_confman_paperish_mid_unkPA4_c16384_seed0,confman_paperish_mid_unkPA4_c16384_seed0,plateau,0,pilot_noisy_torch,digital,open_pa,results_pa_confmanifold_coarse/16-10_04-29-26_confman_paperish_mid_unkPA4_c16384_seed0/summary.json,pa,0.9066142591095382,0.9646960926851541,0.8737327523602034,0.934952795933188,0.8250050835148874,0.9962962962962963,0.9962961819809254,0.44899782135076255,0.9332679738562091,0.9340740740740742,0.9340982812878238,"[""PA4""]","[""PA4""]",0.0001
"[""best_model"", ""epoch_20"", ""final_model""]",16,16,0.9925925925925926,0.9647277887363517,0.9852674448644172,0.9925916779849363,0.9852674448644172,16384,,"[""best_model"", ""epoch_20"", ""final_model""]",,results_pa_confmanifold_coarse/16-12_04-29-26_confman_paperish_mid_unkPA8_c16384_seed0/config.json,,open_conf,0.05,200,,1.0,True,True,True,0.0001,5e-05,31,results_pa_confmanifold_coarse/16-12_04-29-26_confman_paperish_mid_unkPA8_c16384_seed0/history.json,0.9113402873750717,0.07885308369757638,31,0.9925925925925926,0.9925925925925926,31,0.9647277887363517,0.9178123287015431,31,0.9852674448644172,0.9564897818087653,31,0.25869811905754936,0.03753511288237792,31,0.9925916779849363,0.9925916779849363,31,"[""PA2"", ""PA3"", ""PA4""]",0.0,0.1,0.0001,0.5,val_macro_f1,3,,dqn_proxy_softmax3,,,,results_pa_confmanifold_coarse,results_pa_confmanifold_coarse/16-12_04-29-26_confman_paperish_mid_unkPA8_c16384_seed0,confman_paperish_mid_unkPA8_c16384_seed0,plateau,0,pilot_noisy_torch,digital,open_pa,results_pa_confmanifold_coarse/16-12_04-29-26_confman_paperish_mid_unkPA8_c16384_seed0/summary.json,pa,0.9662643160029816,0.9859026337726937,0.9740958605664488,0.9870225127087873,0.9477138707334787,0.9851851851851852,0.9851778656126483,0.8045896877269427,0.9859622367465505,0.9868990559186638,0.9866279351246673,"[""PA8""]","[""PA8""]",0.0001
"[""best_model"", ""epoch_20"", ""final_model""]",16,13,0.9851851851851852,0.8937258997276102,0.8908770632231858,0.9851851851851853,0.8908770632231858,16384,,"[""best_model"", ""epoch_20"", ""final_model""]",,results_pa_confmanifold_coarse/16-15_04-29-26_confman_paperish_strong_unkPA2_c16384_seed0/config.json,,open_conf,0.1,200,,1.0,True,True,True,0.0001,5e-05,28,results_pa_confmanifold_coarse/16-15_04-29-26_confman_paperish_strong_unkPA2_c16384_seed0/history.json,1.0465279212073675,0.10351315651621137,28,0.9925925925925926,0.9925925925925926,28,0.8937258997276102,0.7426091935053399,28,0.8908770632231858,0.7533166924387974,28,0.3899163877522504,0.0404459518690904,28,0.9925916779849363,0.9925916779849363,28,"[""PA3"", ""PA4"", ""PA8""]",0.0,0.1,0.0001,0.5,val_macro_f1,3,,dqn_proxy_softmax3,,,,results_pa_confmanifold_coarse,results_pa_confmanifold_coarse/16-15_04-29-26_confman_paperish_strong_unkPA2_c16384_seed0,confman_paperish_strong_unkPA2_c16384_seed0,plateau,0,pilot_noisy_torch,digital,open_pa,results_pa_confmanifold_coarse/16-15_04-29-26_confman_paperish_strong_unkPA2_c16384_seed0/summary.json,pa,0.7497713289360439,0.6304574485499626,0.8063834422657952,0.8042628903413218,0.564246913580247,0.9962962962962963,0.9962961819809254,0.8179883805374002,0.19704793028322443,0.1955519244734931,0.3989542483660131,"[""PA2""]","[""PA2""]",0.0001
,16,,,,,,,16384,,"[""best_model""]",,results_pa_confmanifold_coarse/16-17_04-29-26_confman_paperish_strong_unkPA3_c16384_seed0/config.json,,open_conf,0.1,200,,1.0,True,False,False,,,,,,,,,,,,,,,,,,,,,,,,0.0,0.1,0.0001,0.5,val_macro_f1,1,,dqn_proxy_softmax3,,,,results_pa_confmanifold_coarse,results_pa_confmanifold_coarse/16-17_04-29-26_confman_paperish_strong_unkPA3_c16384_seed0,confman_paperish_strong_unkPA3_c16384_seed0,plateau,0,,,open_pa,,pa,,,,,,,,,,,,,"[""PA3""]",0.0001
,16,,,,,,,16384,,"[""best_model""]",,results_pa_confmanifold_coarse/16-18_04-29-26_confman_baseline_knownonly_unkPA2_c16384_seed0/config.json,,known_only,0.0,200,,,True,False,False,,,,,,,,,,,,,,,,,,,,,,,,0.1,0.1,0.0005,0.3,val_macro_f1,1,,dqn_proxy_softmax3,,,,results_pa_confmanifold_coarse,results_pa_confmanifold_coarse/16-18_04-29-26_confman_baseline_knownonly_unkPA2_c16384_seed0,confman_baseline_knownonly_unkPA2_c16384_seed0,cosine,0,,,open_pa,,pa,,,,,,,,,,,,,"[""PA2""]",0.0
"[""best_model"", ""epoch_20"", ""final_model""]",16,6,0.9925925925925926,0.8573451395756826,0.8959232817360883,0.9925916779849363,0.9925916779849363,16384,,"[""best_model"", ""epoch_20"", ""final_model""]",,results_pa_confmanifold_coarse/16-19_04-29-26_confman_baseline_knownonly_unkPA2_c16384_seed0/config.json,,known_only,0.0,200,,,True,True,True,0.0005,0.0004877665762479736,21,results_pa_confmanifold_coarse/16-19_04-29-26_confman_baseline_knownonly_unkPA2_c16384_seed0/history.json,0.6519229852017903,0.3296713116623107,21,0.9925925925925926,0.9925925925925926,21,0.8844594086089733,0.8053769991481968,21,0.9146857071673863,0.7541882812792439,21,0.23127846541228117,0.10183393315032677,21,0.9925916779849363,0.9925916779849363,21,"[""PA3"", ""PA4"", ""PA8""]",0.1,0.1,0.0005,0.3,val_macro_f1,3,,dqn_proxy_softmax3,,,,results_pa_confmanifold_coarse,results_pa_confmanifold_coarse/16-19_04-29-26_confman_baseline_knownonly_unkPA2_c16384_seed0,confman_baseline_knownonly_unkPA2_c16384_seed0,cosine,0,pilot_noisy_torch,digital,open_pa,results_pa_confmanifold_coarse/16-19_04-29-26_confman_baseline_knownonly_unkPA2_c16384_seed0/summary.json,pa,0.8636698308662314,0.9020169880244487,0.6594843863471315,0.8188598402323892,0.7486986201888163,0.9962962962962963,0.9962961819809254,0.6340305010893246,0.8137327523602035,0.8173856209150326,0.8166594045025418,"[""PA2""]","[""PA2""]",0.0
"[""best_model"", ""epoch_20"", ""final_model""]",16,17,0.9962962962962963,0.7843982037931839,0.7859716699590389,0.9962961819809254,0.9962961819809254,16384,,"[""best_model"", ""epoch_20"", ""final_model""]",,results_pa_confmanifold_coarse/16-21_04-29-26_confman_baseline_knownonly_unkPA3_c16384_seed0/config.json,,known_only,0.0,200,,,True,True,True,0.0005,0.00047094721924066885,32,results_pa_confmanifold_coarse/16-21_04-29-26_confman_baseline_knownonly_unkPA3_c16384_seed0/history.json,0.7016666308281914,0.33406801867106606,32,0.9962962962962963,0.9888888888888889,32,0.9809036714948144,0.9366149223350737,32,0.9888438128184092,0.9749725963637288,32,0.3691606836186515,0.09210026794009739,32,0.9962961819809254,0.9888858016115588,32,"[""PA2"", ""PA4"", ""PA8""]",0.1,0.1,0.0005,0.3,val_macro_f1,3,,dqn_proxy_softmax3,,,,results_pa_confmanifold_coarse,results_pa_confmanifold_coarse/16-21_04-29-26_confman_baseline_knownonly_unkPA3_c16384_seed0,confman_baseline_knownonly_unkPA3_c16384_seed0,cosine,0,pilot_noisy_torch,digital,open_pa,results_pa_confmanifold_coarse/16-21_04-29-26_confman_baseline_knownonly_unkPA3_c16384_seed0/summary.json,pa,0.7973349829966674,0.8197076539191095,0.4863435003631082,0.671964415395788,0.6453079157588961,0.9851851851851852,0.9851778656126483,0.6941067538126362,0.6994226579520697,0.6747022512708787,0.6820297748729122,"[""PA3""]","[""PA3""]",0.0
"[""best_model"", ""epoch_20"", ""final_model""]",16,17,1.0,0.7418861514601786,0.7734890576856251,1.0,1.0,16384,,"[""best_model"", ""epoch_20"", ""final_model""]",,results_pa_confmanifold_coarse/16-24_04-29-26_confman_baseline_knownonly_unkPA4_c16384_seed0/config.json,,known_only,0.0,200,,,True,True,True,0.0005,0.00047094721924066885,32,results_pa_confmanifold_coarse/16-24_04-29-26_confman_baseline_knownonly_unkPA4_c16384_seed0/history.json,0.7401264092278859,0.3317056049430181,32,1.0,0.9962962962962963,32,0.9028392026118603,0.7763519113390963,32,0.9654836928206038,0.7815294786479704,32,0.3162946135909469,0.08857059197293388,32,1.0,0.9962961819809254,32,"[""PA2"", ""PA3"", ""PA8""]",0.1,0.1,0.0005,0.3,val_macro_f1,3,,dqn_proxy_softmax3,,,,results_pa_confmanifold_coarse,results_pa_confmanifold_coarse/16-24_04-29-26_confman_baseline_knownonly_unkPA4_c16384_seed0,confman_baseline_knownonly_unkPA4_c16384_seed0,cosine,0,pilot_noisy_torch,digital,open_pa,results_pa_confmanifold_coarse/16-24_04-29-26_confman_baseline_knownonly_unkPA4_c16384_seed0/summary.json,pa,0.730993787220915,0.7297498889272672,0.47497458242556284,0.5393827160493828,0.5363384168482208,0.9962962962962963,0.9962961819809254,0.6031735657225853,0.5290777051561366,0.5350835148874364,0.5345146453643186,"[""PA4""]","[""PA4""]",0.0
"[""best_model"", ""epoch_20"", ""final_model""]",16,7,0.9925925925925926,0.9739646831163927,0.9805228790008382,0.9925916779849363,0.9925916779849363,16384,,"[""best_model"", ""epoch_20"", ""final_model""]",,results_pa_confmanifold_coarse/16-26_04-29-26_confman_baseline_knownonly_unkPA8_c16384_seed0/config.json,,known_only,0.0,200,,,True,True,True,0.0005,0.00048652403543894486,22,results_pa_confmanifold_coarse/16-26_04-29-26_confman_baseline_knownonly_unkPA8_c16384_seed0/history.json,0.588003589236547,0.3207079681139144,22,0.9925925925925926,0.9925925925925926,22,0.9798419672024832,0.9712516258071805,22,0.9920364244294129,0.9895903411453706,22,0.17012187176280552,0.0991190027307581,22,0.9925916779849363,0.9925916779849363,22,"[""PA2"", ""PA3"", ""PA4""]",0.1,0.1,0.0005,0.3,val_macro_f1,3,,dqn_proxy_softmax3,,,,results_pa_confmanifold_coarse,results_pa_confmanifold_coarse/16-26_04-29-26_confman_baseline_knownonly_unkPA8_c16384_seed0,confman_baseline_knownonly_unkPA8_c16384_seed0,cosine,0,pilot_noisy_torch,digital,open_pa,results_pa_confmanifold_coarse/16-26_04-29-26_confman_baseline_knownonly_unkPA8_c16384_seed0/summary.json,pa,0.9727465214566652,0.9845943276456482,0.9936964415395788,0.9856499636891793,0.9604720406681192,0.9851851851851852,0.9851778656126483,0.8566303558460421,0.9809368191721133,0.9854466230936819,0.9840111353183248,"[""PA8""]","[""PA8""]",0.0
"[""best_model"", ""epoch_20"", ""final_model""]",16,10,0.9925925925925926,0.9255052478218186,0.9313127364748118,0.9925916779849363,0.9313127364748118,16384,,"[""best_model"", ""epoch_20"", ""final_model""]",,results_pa_confmanifold_coarse/16-28_04-29-26_confman_baseline_openconf_unkPA2_c16384_seed0/config.json,,open_conf,0.0,200,,,True,True,True,0.0005,0.0004824476326477683,25,results_pa_confmanifold_coarse/16-28_04-29-26_confman_baseline_openconf_unkPA2_c16384_seed0/history.json,0.6384283406393868,0.32758336464564003,25,0.9925925925925926,0.9925925925925926,25,0.9255052478218186,0.8359809134600066,25,0.9313127364748118,0.8442236537200185,25,0.23097930285665724,0.09156473676363627,25,0.9925916779849363,0.9925916779849363,25,"[""PA3"", ""PA4"", ""PA8""]",0.1,0.1,0.0005,0.3,val_macro_f1,3,,dqn_proxy_softmax3,,,,results_pa_confmanifold_coarse,results_pa_confmanifold_coarse/16-28_04-29-26_confman_baseline_openconf_unkPA2_c16384_seed0,confman_baseline_openconf_unkPA2_c16384_seed0,cosine,0,pilot_noisy_torch,digital,open_pa,results_pa_confmanifold_coarse/16-28_04-29-26_confman_baseline_openconf_unkPA2_c16384_seed0/summary.json,pa,0.9444405655142092,0.9531405616632312,0.9100798838053739,0.912403776325345,0.8952839506172839,0.9962962962962963,0.9962961819809254,0.8307770515613653,0.910885984023239,0.9122730573710967,0.9118542725732267,"[""PA2""]","[""PA2""]",0.0
"[""best_model"", ""epoch_20"", ""final_model""]",16,20,1.0,0.9438887253940085,0.9783563103281175,1.0,0.9783563103281175,16384,,"[""best_model"", ""epoch_20"", ""final_model""]",,results_pa_confmanifold_coarse/16-30_04-29-26_confman_baseline_openconf_unkPA3_c16384_seed0/config.json,,open_conf,0.0,200,,,True,True,True,0.0005,0.0004651924696496356,35,results_pa_confmanifold_coarse/16-30_04-29-26_confman_baseline_openconf_unkPA3_c16384_seed0/history.json,0.7203830164576334,0.3320902019266098,35,1.0,0.9851851851851852,35,0.9485317511044233,0.8840876466267216,35,0.9783563103281175,0.9111668398027843,35,0.2567762444416682,0.08423625854430375,35,1.0,0.9851851851851853,35,"[""PA2"", ""PA4"", ""PA8""]",0.1,0.1,0.0005,0.3,val_macro_f1,3,,dqn_proxy_softmax3,,,,results_pa_confmanifold_coarse,results_pa_confmanifold_coarse/16-30_04-29-26_confman_baseline_openconf_unkPA3_c16384_seed0,confman_baseline_openconf_unkPA3_c16384_seed0,cosine,0,pilot_noisy_torch,digital,open_pa,results_pa_confmanifold_coarse/16-30_04-29-26_confman_baseline_openconf_unkPA3_c16384_seed0/summary.json,pa,0.9462678381358496,0.9790081432940164,0.9039687726942628,0.9636056644880174,0.898751633986928,0.9962962962962963,0.9962961819809254,0.7037291212781409,0.9601633986928104,0.9622912127814088,0.9620200919874122,"[""PA3""]","[""PA3""]",0.0
"[""best_model"", ""epoch_20"", ""final_model""]",16,12,0.9925925925925926,0.903632162920313,0.9666623196284678,0.9925916779849363,0.9666623196284678,16384,,"[""best_model"", ""epoch_20"", ""final_model""]",,results_pa_confmanifold_coarse/16-33_04-29-26_confman_baseline_openconf_unkPA4_c16384_seed0/config.json,,open_conf,0.0,200,,,True,True,True,0.0005,0.0004794427686897109,27,results_pa_confmanifold_coarse/16-33_04-29-26_confman_baseline_openconf_unkPA4_c16384_seed0/history.json,0.733734549227215,0.3362514320820097,27,1.0,0.9851851851851852,27,0.9111513838162212,0.7241140809007772,27,0.9666623196284678,0.7640384736857371,27,0.35206602436524853,0.10443044536643559,27,1.0,0.9851833559698728,27,"[""PA2"", ""PA3"", ""PA8""]",0.1,0.1,0.0005,0.3,val_macro_f1,3,,dqn_proxy_softmax3,,,,results_pa_confmanifold_coarse,results_pa_confmanifold_coarse/16-33_04-29-26_confman_baseline_openconf_unkPA4_c16384_seed0,confman_baseline_openconf_unkPA4_c16384_seed0,cosine,0,pilot_noisy_torch,digital,open_pa,results_pa_confmanifold_coarse/16-33_04-29-26_confman_baseline_openconf_unkPA4_c16384_seed0/summary.json,pa,0.8880506242096432,0.9771525268319126,0.45151779230210604,0.9616557734204794,0.7945199709513435,0.9925925925925926,0.9925916779849363,0.6352214960058098,0.9623747276688451,0.9618300653594771,0.9619535221496006,"[""PA4""]","[""PA4""]",0.0
"[""best_model"", ""epoch_20"", ""final_model""]",16,7,0.9925925925925926,0.9334532119280614,0.9714073778644484,0.9925916779849363,0.9714073778644484,16384,,"[""best_model"", ""epoch_20"", ""final_model""]",,results_pa_confmanifold_coarse/16-35_04-29-26_confman_baseline_openconf_unkPA8_c16384_seed0/config.json,,open_conf,0.0,200,,,True,True,True,0.0005,0.00048652403543894486,22,results_pa_confmanifold_coarse/16-35_04-29-26_confman_baseline_openconf_unkPA8_c16384_seed0/history.json,0.6139763699637519,0.32307321646856885,22,0.9925925925925926,0.9925925925925926,22,0.9334532119280614,0.8254021290613965,22,0.9714073778644484,0.8622847146219801,22,0.17354493339856467,0.09051986182177509,22,0.9925916779849363,0.9925916779849363,22,"[""PA2"", ""PA3"", ""PA4""]",0.1,0.1,0.0005,0.3,val_macro_f1,3,,dqn_proxy_softmax3,,,,results_pa_confmanifold_coarse,results_pa_confmanifold_coarse/16-35_04-29-26_confman_baseline_openconf_unkPA8_c16384_seed0,confman_baseline_openconf_unkPA8_c16384_seed0,cosine,0,pilot_noisy_torch,digital,open_pa,results_pa_confmanifold_coarse/16-35_04-29-26_confman_baseline_openconf_unkPA8_c16384_seed0/summary.json,pa,0.942418438180554,0.9790805949250697,0.983754538852578,0.9747204066811911,0.9015148874364561,0.9851851851851852,0.9851778656126483,0.6047567175018156,0.9701597676107481,0.9741830065359478,0.9730210602759622,"[""PA8""]","[""PA8""]",0.0
"[""best_model"", ""epoch_20"", ""final_model""]",16,11,0.9851851851851852,0.8833568742009773,0.8762865762215443,0.9851851851851853,0.8762865762215443,16384,,"[""best_model"", ""epoch_20"", ""final_model""]",,results_pa_confmanifold_coarse/16-37_04-29-26_confman_paperish_mild_unkPA2_c16384_seed0/config.json,,open_conf,0.02,200,,1.0,True,True,True,0.0001,0.0001,26,results_pa_confmanifold_coarse/16-37_04-29-26_confman_paperish_mild_unkPA2_c16384_seed0/history.json,0.9556842654470413,0.09673151686078026,26,0.9925925925925926,0.9925925925925926,26,0.8833568742009773,0.7187430722028959,26,0.8762865762215443,0.6885562008393996,26,0.35359183461577803,0.04340314252509011,26,0.9925916779849363,0.9925916779849363,26,"[""PA3"", ""PA4"", ""PA8""]",0.0,0.1,0.0001,0.5,val_macro_f1,3,,dqn_proxy_softmax3,,,,results_pa_confmanifold_coarse,results_pa_confmanifold_coarse/16-37_04-29-26_confman_paperish_mild_unkPA2_c16384_seed0,confman_paperish_mild_unkPA2_c16384_seed0,plateau,0,pilot_noisy_torch,digital,open_pa,results_pa_confmanifold_coarse/16-37_04-29-26_confman_paperish_mild_unkPA2_c16384_seed0/summary.json,pa,0.8954162478185487,0.8873499443458891,0.8049164851125635,0.7890196078431373,0.8047509077705156,0.9962962962962963,0.9962961819809254,0.8478867102396515,0.7925780682643427,0.7893536673928832,0.790317114500121,"[""PA2""]","[""PA2""]",0.0001
"[""best_model"", ""epoch_20"", ""final_model""]",16,26,0.9777777777777777,0.9587347769821768,0.9808366874937683,0.9777530589543938,0.9808366874937683,16384,,"[""best_model"", ""epoch_20"", ""final_model""]",,results_pa_confmanifold_coarse/16-39_04-29-26_confman_paperish_mild_unkPA3_c16384_seed0/config.json,,open_conf,0.02,200,,1.0,True,True,True,0.0001,0.0001,41,results_pa_confmanifold_coarse/16-39_04-29-26_confman_paperish_mild_unkPA3_c16384_seed0/history.json,1.0288384235094463,0.08859024706577498,41,0.9962962962962963,0.9962962962962963,41,0.9617517688032997,0.902232748940053,41,0.9808366874937683,0.9558563173290515,41,0.4787775022012216,0.007661303957165392,41,0.9962961819809254,0.9962961819809254,41,"[""PA2"", ""PA4"", ""PA8""]",0.0,0.1,0.0001,0.5,val_macro_f1,3,,dqn_proxy_softmax3,,,,results_pa_confmanifold_coarse,results_pa_confmanifold_coarse/16-39_04-29-26_confman_paperish_mild_unkPA3_c16384_seed0,confman_paperish_mild_unkPA3_c16384_seed0,plateau,0,pilot_noisy_torch,digital,open_pa,results_pa_confmanifold_coarse/16-39_04-29-26_confman_paperish_mild_unkPA3_c16384_seed0/summary.json,pa,0.9515521187177385,0.973639128096285,0.9330174291938997,0.9630246913580246,0.9190740740740739,0.9851851851851852,0.9851778656126483,0.775646332607117,0.9616594045025417,0.9620225127087872,0.9622355361897844,"[""PA3""]","[""PA3""]",0.0001
"[""best_model"", ""epoch_20"", ""final_model""]",16,21,0.9925925925925926,0.8787758039342269,0.9556632152960366,0.9925916779849363,0.9556632152960366,16384,,"[""best_model"", ""epoch_20"", ""final_model""]",,results_pa_confmanifold_coarse/16-43_04-29-26_confman_paperish_mild_unkPA4_c16384_seed0/config.json,,open_conf,0.02,200,,1.0,True,True,True,0.0001,0.0001,36,results_pa_confmanifold_coarse/16-43_04-29-26_confman_paperish_mild_unkPA4_c16384_seed0/history.json,0.9562042898601956,0.09993865981934563,36,1.0,0.9888888888888889,36,0.8794561696006579,0.7382996815339192,36,0.9556632152960366,0.768302066796401,36,0.39762954667762473,0.030635713301254093,36,1.0,0.9888858016115588,36,"[""PA2"", ""PA3"", ""PA8""]",0.0,0.1,0.0001,0.5,val_macro_f1,3,,dqn_proxy_softmax3,,,,results_pa_confmanifold_coarse,results_pa_confmanifold_coarse/16-43_04-29-26_confman_paperish_mild_unkPA4_c16384_seed0,confman_paperish_mild_unkPA4_c16384_seed0,plateau,0,pilot_noisy_torch,digital,open_pa,results_pa_confmanifold_coarse/16-43_04-29-26_confman_paperish_mild_unkPA4_c16384_seed0/summary.json,pa,0.8725447527067128,0.9475047005724314,0.5184894698620188,0.9066230936819172,0.7698910675381263,0.9888888888888889,0.9888858016115588,0.6074001452432826,0.9081699346405231,0.9087726942628903,0.9078552408617768,"[""PA4""]","[""PA4""]",0.0001
"[""best_model"", ""epoch_20"", ""final_model""]",16,17,0.9925925925925926,0.9798988662075753,0.9771479471696866,0.9925916779849363,0.9771479471696866,16384,,"[""best_model"", ""epoch_20"", ""final_model""]",,results_pa_confmanifold_coarse/16-46_04-29-26_confman_paperish_mild_unkPA8_c16384_seed0/config.json,,open_conf,0.02,200,,1.0,True,True,True,0.0001,5e-05,32,results_pa_confmanifold_coarse/16-46_04-29-26_confman_paperish_mild_unkPA8_c16384_seed0/history.json,0.8929365902666062,0.07920028682029437,32,0.9925925925925926,0.9925925925925926,32,0.9798988662075753,0.9248920409195452,32,0.9771479471696866,0.9419451178608368,32,0.24364620491310401,0.04159921157277292,32,0.9925916779849363,0.9925916779849363,32,"[""PA2"", ""PA3"", ""PA4""]",0.0,0.1,0.0001,0.5,val_macro_f1,3,,dqn_proxy_softmax3,,,,results_pa_confmanifold_coarse,results_pa_confmanifold_coarse/16-46_04-29-26_confman_paperish_mild_unkPA8_c16384_seed0,confman_paperish_mild_unkPA8_c16384_seed0,plateau,0,pilot_noisy_torch,digital,open_pa,results_pa_confmanifold_coarse/16-46_04-29-26_confman_paperish_mild_unkPA8_c16384_seed0/summary.json,pa,0.9870852707994549,0.9852880309799145,0.9933333333333334,0.9888090050835149,0.9889963689179376,0.9851851851851852,0.9851778656126483,0.9954538852578068,0.9789687726942629,0.9884168482207698,0.9853982086661826,"[""PA8""]","[""PA8""]",0.0001
"[""best_model"", ""epoch_20"", ""final_model""]",16,28,0.9925925925925926,0.8161219520268208,0.8205373612036344,0.9925916779849363,0.8205373612036344,16384,,"[""best_model"", ""epoch_20"", ""final_model""]",,results_pa_confmanifold_coarse/16-48_04-29-26_confman_paperish_mid_unkPA2_c16384_seed0/config.json,,open_conf,0.05,200,,1.0,True,True,True,0.0001,2.5e-05,43,results_pa_confmanifold_coarse/16-48_04-29-26_confman_paperish_mid_unkPA2_c16384_seed0/history.json,0.9921575413809882,0.07811899834445545,43,0.9925925925925926,0.9925925925925926,43,0.8350273721945252,0.7138560142609481,43,0.8205373612036344,0.7239084542940752,43,0.40067667298846776,0.03942288833635825,43,0.9925916779849363,0.9925916779849363,43,"[""PA3"", ""PA4"", ""PA8""]",0.0,0.1,0.0001,0.5,val_macro_f1,3,,dqn_proxy_softmax3,,,,results_pa_confmanifold_coarse,results_pa_confmanifold_coarse/16-48_04-29-26_confman_paperish_mid_unkPA2_c16384_seed0,confman_paperish_mid_unkPA2_c16384_seed0,plateau,0,pilot_noisy_torch,digital,open_pa,results_pa_confmanifold_coarse/16-48_04-29-26_confman_paperish_mid_unkPA2_c16384_seed0/summary.json,pa,0.8110536301037321,0.822363396196552,0.6588307915758895,0.6853231663035585,0.6602534495279594,0.9962962962962963,0.9962961819809254,0.6060493827160494,0.6693754538852579,0.6816884531590414,0.6787956911159525,"[""PA2""]","[""PA2""]",0.0001
"[""best_model"", ""epoch_20"", ""epoch_50"", ""final_model""]",16,48,1.0,0.967821787492759,0.98642013937167,1.0,0.98642013937167,16384,,"[""best_model"", ""epoch_20"", ""epoch_50"", ""final_model""]",,results_pa_confmanifold_coarse/16-52_04-29-26_confman_paperish_mid_unkPA3_c16384_seed0/config.json,,open_conf,0.05,200,,1.0,True,True,True,0.0001,6.25e-06,63,results_pa_confmanifold_coarse/16-52_04-29-26_confman_paperish_mid_unkPA3_c16384_seed0/history.json,1.040770303256928,0.08973036666238118,63,1.0,1.0,63,0.9694934975190689,0.9420689078621022,63,0.98642013937167,0.9787348010056598,63,0.47792685782467875,0.00554546930792707,63,1.0,1.0,63,"[""PA2"", ""PA4"", ""PA8""]",0.0,0.1,0.0001,0.5,val_macro_f1,4,,dqn_proxy_softmax3,,,,results_pa_confmanifold_coarse,results_pa_confmanifold_coarse/16-52_04-29-26_confman_paperish_mid_unkPA3_c16384_seed0,confman_paperish_mid_unkPA3_c16384_seed0,plateau,0,pilot_noisy_torch,digital,open_pa,results_pa_confmanifold_coarse/16-52_04-29-26_confman_paperish_mid_unkPA3_c16384_seed0/summary.json,pa,0.9724833368705024,0.9878551312339824,0.9703159041394336,0.9797712418300654,0.9492396514161221,0.9962962962962963,0.9962961819809254,0.8374255628177197,0.9795061728395061,0.9791793754538852,0.979485596707819,"[""PA3""]","[""PA3""]",0.0001
"[""best_model"", ""epoch_20"", ""final_model""]",16,18,1.0,0.9274417222381944,0.960302592914779,1.0,0.960302592914779,16384,,"[""best_model"", ""epoch_20"", ""final_model""]",,results_pa_confmanifold_coarse/16-57_04-29-26_confman_paperish_mid_unkPA4_c16384_seed0/config.json,,open_conf,0.05,200,,1.0,True,True,True,0.0001,5e-05,33,results_pa_confmanifold_coarse/16-57_04-29-26_confman_paperish_mid_unkPA4_c16384_seed0/history.json,0.990068857442765,0.09095420688390732,33,1.0,0.9925925925925926,33,0.9274417222381944,0.8604477731799707,33,0.960302592914779,0.949095302382282,33,0.45001961610935354,0.013292197246725361,33,1.0,0.9925916779849363,33,"[""PA2"", ""PA3"", ""PA8""]",0.0,0.1,0.0001,0.5,val_macro_f1,3,,dqn_proxy_softmax3,,,,results_pa_confmanifold_coarse,results_pa_confmanifold_coarse/16-57_04-29-26_confman_paperish_mid_unkPA4_c16384_seed0,confman_paperish_mid_unkPA4_c16384_seed0,plateau,0,pilot_noisy_torch,digital,open_pa,results_pa_confmanifold_coarse/16-57_04-29-26_confman_paperish_mid_unkPA4_c16384_seed0/summary.json,pa,0.9304452670962051,0.9769579648919493,0.9128177196804649,0.9563616557734204,0.8657283950617284,1.0,1.0,0.5524836601307189,0.9532679738562092,0.9537109658678287,0.9544468651658193,"[""PA4""]","[""PA4""]",0.0001
"[""best_model"", ""epoch_20"", ""final_model""]",16,22,0.9925925925925926,0.9401279068260313,0.9815645736314816,0.9925916779849363,0.9815645736314816,16384,,"[""best_model"", ""epoch_20"", ""final_model""]",,results_pa_confmanifold_coarse/16-59_04-29-26_confman_paperish_mid_unkPA8_c16384_seed0/config.json,,open_conf,0.05,200,,1.0,True,True,True,0.0001,2.5e-05,37,results_pa_confmanifold_coarse/16-59_04-29-26_confman_paperish_mid_unkPA8_c16384_seed0/history.json,0.9160994471065582,0.07278229817748069,37,0.9925925925925926,0.9925925925925926,37,0.957695490957798,0.9165275003628834,37,0.9815645736314816,0.9720698893671158,37,0.24392161987445973,0.04640193487069121,37,0.9925916779849363,0.9925916779849363,37,"[""PA2"", ""PA3"", ""PA4""]",0.0,0.1,0.0001,0.5,val_macro_f1,3,,dqn_proxy_softmax3,,,,results_pa_confmanifold_coarse,results_pa_confmanifold_coarse/16-59_04-29-26_confman_paperish_mid_unkPA8_c16384_seed0,confman_paperish_mid_unkPA8_c16384_seed0,plateau,0,pilot_noisy_torch,digital,open_pa,results_pa_confmanifold_coarse/16-59_04-29-26_confman_paperish_mid_unkPA8_c16384_seed0/summary.json,pa,0.9430870265449266,0.9815874738920944,0.9120406681190995,0.9793754538852579,0.902794480755265,0.9851851851851852,0.9851778656126483,0.6679012345679012,0.9753812636165577,0.9792737835875092,0.9780101670297748,"[""PA8""]","[""PA8""]",0.0001
"[""best_model"", ""epoch_20"", ""final_model""]",16,12,0.9851851851851852,0.9043829611140842,0.9011873224824606,0.9851851851851853,0.9011873224824606,16384,,"[""best_model"", ""epoch_20"", ""final_model""]",,results_pa_confmanifold_coarse/17-02_04-29-26_confman_paperish_strong_unkPA2_c16384_seed0/config.json,,open_conf,0.1,200,,1.0,True,True,True,0.0001,0.0001,27,results_pa_confmanifold_coarse/17-02_04-29-26_confman_paperish_strong_unkPA2_c16384_seed0/history.json,1.0506905302168832,0.11100975305788101,27,0.9925925925925926,0.9925925925925926,27,0.9043829611140842,0.7784068293261973,27,0.9011873224824606,0.7624833250239574,27,0.348333857677601,0.043922781233710274,27,0.9925916779849363,0.9925916779849363,27,"[""PA3"", ""PA4"", ""PA8""]",0.0,0.1,0.0001,0.5,val_macro_f1,3,,dqn_proxy_softmax3,,,,results_pa_confmanifold_coarse,results_pa_confmanifold_coarse/17-02_04-29-26_confman_paperish_strong_unkPA2_c16384_seed0,confman_paperish_strong_unkPA2_c16384_seed0,plateau,0,pilot_noisy_torch,digital,open_pa,results_pa_confmanifold_coarse/17-02_04-29-26_confman_paperish_strong_unkPA2_c16384_seed0/summary.json,pa,0.915093429676968,0.9127358108323212,0.8406971677559913,0.8379593318809005,0.8405090777051563,0.9962962962962963,0.9962961819809254,0.8532970225127089,0.8331299927378361,0.8374618736383441,0.8361837327523602,"[""PA2""]","[""PA2""]",0.0001
"[""best_model"", ""epoch_20"", ""final_model""]",16,27,0.9888888888888889,0.9385767580237042,0.9866110664107219,0.9888858016115588,0.9866110664107219,16384,,"[""best_model"", ""epoch_20"", ""final_model""]",,results_pa_confmanifold_coarse/17-04_04-29-26_confman_paperish_strong_unkPA3_c16384_seed0/config.json,,open_conf,0.1,200,,1.0,True,True,True,0.0001,5e-05,42,results_pa_confmanifold_coarse/17-04_04-29-26_confman_paperish_strong_unkPA3_c16384_seed0/history.json,1.0783458522387914,0.09335645695054341,42,0.9962962962962963,0.9925925925925926,42,0.9559244337407183,0.9210349112361551,42,0.9866110664107219,0.9769948658457145,42,0.4383969763914744,0.022847808930695195,42,0.9962961819809254,0.9925925925925926,42,"[""PA2"", ""PA4"", ""PA8""]",0.0,0.1,0.0001,0.5,val_macro_f1,3,,dqn_proxy_softmax3,,,,results_pa_confmanifold_coarse,results_pa_confmanifold_coarse/17-04_04-29-26_confman_paperish_strong_unkPA3_c16384_seed0,confman_paperish_strong_unkPA3_c16384_seed0,plateau,0,pilot_noisy_torch,digital,open_pa,results_pa_confmanifold_coarse/17-04_04-29-26_confman_paperish_strong_unkPA3_c16384_seed0/summary.json,pa,0.9215871877330696,0.9699252127409285,0.9378104575163397,0.9668663761801016,0.875309368191721,0.9703703703703703,0.9703117268678872,0.530119825708061,0.9711728395061727,0.9705773420479302,0.9695388525780682,"[""PA3""]","[""PA3""]",0.0001
"[""best_model"", ""epoch_20"", ""final_model""]",16,20,0.9925925925925926,0.8898605800078189,0.9593808016808262,0.9925916779849363,0.9593808016808262,16384,,"[""best_model"", ""epoch_20"", ""final_model""]",,results_pa_confmanifold_coarse/17-08_04-29-26_confman_paperish_strong_unkPA4_c16384_seed0/config.json,,open_conf,0.1,200,,1.0,True,True,True,0.0001,0.0001,35,results_pa_confmanifold_coarse/17-08_04-29-26_confman_paperish_strong_unkPA4_c16384_seed0/history.json,1.0487268001314194,0.11079461200842781,35,1.0,0.9851851851851852,35,0.9082985760750498,0.8105325181403662,35,0.9593808016808262,0.8684691607233799,35,0.40812745182602495,0.033487130518726725,35,1.0,0.9851778656126483,35,"[""PA2"", ""PA3"", ""PA8""]",0.0,0.1,0.0001,0.5,val_macro_f1,3,,dqn_proxy_softmax3,,,,results_pa_confmanifold_coarse,results_pa_confmanifold_coarse/17-08_04-29-26_confman_paperish_strong_unkPA4_c16384_seed0,confman_paperish_strong_unkPA4_c16384_seed0,plateau,0,pilot_noisy_torch,digital,open_pa,results_pa_confmanifold_coarse/17-08_04-29-26_confman_paperish_strong_unkPA4_c16384_seed0/summary.json,pa,0.90190392071416,0.9630942905808916,0.8374074074074074,0.9357443718228031,0.8195018155410312,0.9925925925925926,0.9925916779849363,0.4566811909949165,0.9321423384168481,0.935533769063181,0.9344734931009441,"[""PA4""]","[""PA4""]",0.0001
"[""best_model"", ""epoch_20"", ""final_model""]",16,22,0.9925925925925926,0.9550702104172839,0.9851448846250381,0.9925916779849363,0.9851448846250381,16384,,"[""best_model"", ""epoch_20"", ""final_model""]",,results_pa_confmanifold_coarse/17-10_04-29-26_confman_paperish_strong_unkPA8_c16384_seed0/config.json,,open_conf,0.1,200,,1.0,True,True,True,0.0001,1.25e-05,37,results_pa_confmanifold_coarse/17-10_04-29-26_confman_paperish_strong_unkPA8_c16384_seed0/history.json,0.9336427032001435,0.07732388372459109,37,0.9925925925925926,0.9925925925925926,37,0.9580338232987196,0.9103163708444426,37,0.9851448846250381,0.9514021018652756,37,0.2224992588714317,0.04406778535771149,37,0.9925916779849363,0.9925916779849363,37,"[""PA2"", ""PA3"", ""PA4""]",0.0,0.1,0.0001,0.5,val_macro_f1,3,,dqn_proxy_softmax3,,,,results_pa_confmanifold_coarse,results_pa_confmanifold_coarse/17-10_04-29-26_confman_paperish_strong_unkPA8_c16384_seed0,confman_paperish_strong_unkPA8_c16384_seed0,plateau,0,pilot_noisy_torch,digital,open_pa,results_pa_confmanifold_coarse/17-10_04-29-26_confman_paperish_strong_unkPA8_c16384_seed0/summary.json,pa,0.9577600604921799,0.9886129610456559,0.9450326797385621,0.993362381989833,0.9311053013798112,0.9851851851851852,0.9851778656126483,0.7343137254901961,0.9896732026143791,0.9931445170660858,0.9920600338900992,"[""PA8""]","[""PA8""]",0.0001
"[""best_model"", ""epoch_20"", ""final_model""]",16,11,0.9851851851851852,0.8637696510845455,0.8958246972725483,0.9851851851851853,0.8958246972725483,16384,,"[""best_model"", ""epoch_20"", ""final_model""]",,results_pa_confmanifold_coarse/17-13_04-29-26_confman_paperish_mid_nocenter_unkPA2_c16384_seed0/config.json,,open_conf,0.05,200,,1.0,True,True,True,0.0001,5e-05,26,results_pa_confmanifold_coarse/17-13_04-29-26_confman_paperish_mid_nocenter_unkPA2_c16384_seed0/history.json,0.8682598297558134,0.03404345512981453,26,0.9925925925925926,0.9925925925925926,26,0.8637696510845455,0.6384279476216335,26,0.8958246972725483,0.490485001406218,26,0.3183419245260733,0.04593615234243097,26,0.9925916779849363,0.9925916779849363,26,"[""PA3"", ""PA4"", ""PA8""]",0.0,0.0,0.0001,0.5,val_macro_f1,3,,dqn_proxy_softmax3,,,,results_pa_confmanifold_coarse,results_pa_confmanifold_coarse/17-13_04-29-26_confman_paperish_mid_nocenter_unkPA2_c16384_seed0,confman_paperish_mid_nocenter_unkPA2_c16384_seed0,plateau,0,pilot_noisy_torch,digital,open_pa,results_pa_confmanifold_coarse/17-13_04-29-26_confman_paperish_mid_nocenter_unkPA2_c16384_seed0/summary.json,pa,0.8735869693841135,0.9117477025837533,0.8039651416122005,0.8343282498184458,0.7659912854030501,0.9962962962962963,0.9962961819809254,0.5228685548293391,0.8348039215686274,0.8339905591866377,0.8343742435245702,"[""PA2""]","[""PA2""]",0.0001
"[""best_model"", ""epoch_20"", ""final_model""]",16,27,0.9888888888888889,0.9211078117404847,0.9718266218171179,0.9888858016115588,0.9718266218171179,16384,,"[""best_model"", ""epoch_20"", ""final_model""]",,results_pa_confmanifold_coarse/17-16_04-29-26_confman_paperish_mid_nocenter_unkPA3_c16384_seed0/config.json,,open_conf,0.05,200,,1.0,True,True,True,0.0001,5e-05,42,results_pa_confmanifold_coarse/17-16_04-29-26_confman_paperish_mid_nocenter_unkPA3_c16384_seed0/history.json,0.9184186899472797,0.04533614508057196,42,0.9962962962962963,0.9925925925925926,42,0.9297093316777141,0.8449562898932538,42,0.9718266218171179,0.9172383192278732,42,0.45015890885282445,0.011208539143963544,42,0.9962961819809254,0.9925916779849363,42,"[""PA2"", ""PA4"", ""PA8""]",0.0,0.0,0.0001,0.5,val_macro_f1,3,,dqn_proxy_softmax3,,,,results_pa_confmanifold_coarse,results_pa_confmanifold_coarse/17-16_04-29-26_confman_paperish_mid_nocenter_unkPA3_c16384_seed0,confman_paperish_mid_nocenter_unkPA3_c16384_seed0,plateau,0,pilot_noisy_torch,digital,open_pa,results_pa_confmanifold_coarse/17-16_04-29-26_confman_paperish_mid_nocenter_unkPA3_c16384_seed0/summary.json,pa,0.909537364825759,0.9621708090551729,0.8893355119825709,0.938602033405955,0.8397044299201163,0.9851851851851852,0.9851778656126483,0.4900835148874365,0.9403050108932463,0.9401960784313725,0.9397010409101912,"[""PA3""]","[""PA3""]",0.0001
"[""best_model"", ""epoch_20"", ""final_model""]",16,16,0.9777777777777777,0.947380084242041,0.9486067194834857,0.9777530589543938,0.9486067194834857,16384,,"[""best_model"", ""epoch_20"", ""final_model""]",,results_pa_confmanifold_coarse/17-19_04-29-26_confman_paperish_mid_nocenter_unkPA4_c16384_seed0/config.json,,open_conf,0.05,200,,1.0,True,True,True,0.0001,0.0001,31,results_pa_confmanifold_coarse/17-19_04-29-26_confman_paperish_mid_nocenter_unkPA4_c16384_seed0/history.json,0.8650860356906104,0.05978323402839975,31,0.9962962962962963,0.9851851851851852,31,0.947380084242041,0.793964269290171,31,0.9486067194834857,0.8416354909444801,31,0.37004133197996353,0.049726317827244876,31,0.9962961819809254,0.9851778656126483,31,"[""PA2"", ""PA3"", ""PA8""]",0.0,0.0,0.0001,0.5,val_macro_f1,3,,dqn_proxy_softmax3,,,,results_pa_confmanifold_coarse,results_pa_confmanifold_coarse/17-19_04-29-26_confman_paperish_mid_nocenter_unkPA4_c16384_seed0,confman_paperish_mid_nocenter_unkPA4_c16384_seed0,plateau,0,pilot_noisy_torch,digital,open_pa,results_pa_confmanifold_coarse/17-19_04-29-26_confman_paperish_mid_nocenter_unkPA4_c16384_seed0/summary.json,pa,0.9386530914020087,0.9405977253802079,0.9189687726942628,0.9250835148874365,0.9222411038489471,0.9555555555555556,0.9553571428571429,0.9140377632534495,0.9266267247639798,0.9264887436456063,0.9260663277656742,"[""PA4""]","[""PA4""]",0.0001
"[""best_model"", ""final_model""]",16,2,0.9814814814814815,0.8901703725585738,0.9108686819898376,0.9814809099046267,0.9108686819898376,16384,,"[""best_model"", ""final_model""]",,results_pa_confmanifold_coarse/17-22_04-29-26_confman_paperish_mid_nocenter_unkPA8_c16384_seed0/config.json,,open_conf,0.05,200,,1.0,True,True,True,0.0001,0.0001,17,results_pa_confmanifold_coarse/17-22_04-29-26_confman_paperish_mid_nocenter_unkPA8_c16384_seed0/history.json,0.8628264092263721,0.061760853705484245,17,0.9814814814814815,0.9814814814814815,17,0.9040762741411925,0.8547783867968233,17,0.9108686819898376,0.8164246162949547,17,0.2920539564556546,0.09869800283470087,17,0.9814809099046267,0.9814809099046267,17,"[""PA2"", ""PA3"", ""PA4""]",0.0,0.0,0.0001,0.5,val_macro_f1,2,,dqn_proxy_softmax3,,,,results_pa_confmanifold_coarse,results_pa_confmanifold_coarse/17-22_04-29-26_confman_paperish_mid_nocenter_unkPA8_c16384_seed0,confman_paperish_mid_nocenter_unkPA8_c16384_seed0,plateau,0,pilot_noisy_torch,digital,open_pa,results_pa_confmanifold_coarse/17-22_04-29-26_confman_paperish_mid_nocenter_unkPA8_c16384_seed0/summary.json,pa,0.920801503017088,0.9389581318356527,0.8786492374727669,0.8923747276688453,0.8606318082788672,0.9851851851851852,0.9851778656126483,0.7397893972403776,0.8980392156862744,0.8943064633260711,0.8949068022270636,"[""PA8""]","[""PA8""]",0.0001
"[""best_model"", ""epoch_20"", ""final_model""]",16,14,0.9851851851851852,0.8536272725580095,0.87718150742624,0.9851851851851853,0.87718150742624,16384,,"[""best_model"", ""epoch_20"", ""final_model""]",,results_pa_confmanifold_coarse/17-23_04-29-26_confman_paperish_mid_lowdrop_unkPA2_c16384_seed0/config.json,,open_conf,0.05,200,,1.0,True,True,True,0.0001,5e-05,29,results_pa_confmanifold_coarse/17-23_04-29-26_confman_paperish_mid_lowdrop_unkPA2_c16384_seed0/history.json,0.7869496578735019,0.07023038030380295,29,0.9925925925925926,0.9925925925925926,29,0.8536272725580095,0.7253382954838371,29,0.87718150742624,0.6022241764655126,29,0.16878834587556343,0.03483881024574792,29,0.9925916779849363,0.9925916779849363,29,"[""PA3"", ""PA4"", ""PA8""]",0.0,0.1,0.0001,0.3,val_macro_f1,3,,dqn_proxy_softmax3,,,,results_pa_confmanifold_coarse,results_pa_confmanifold_coarse/17-23_04-29-26_confman_paperish_mid_lowdrop_unkPA2_c16384_seed0,confman_paperish_mid_lowdrop_unkPA2_c16384_seed0,plateau,0,pilot_noisy_torch,digital,open_pa,results_pa_confmanifold_coarse/17-23_04-29-26_confman_paperish_mid_lowdrop_unkPA2_c16384_seed0/summary.json,pa,0.8496500549393643,0.8686762864098893,0.603435003631082,0.7510965867828614,0.7245889615105301,0.9962962962962963,0.9962961819809254,0.7472984749455338,0.7666630355846041,0.7544517066085693,0.757403776325345,"[""PA2""]","[""PA2""]",0.0001
"[""best_model"", ""epoch_20"", ""final_model""]",16,34,0.9851851851851852,0.9766597142970853,0.9948116433583379,0.9851778656126483,0.9948116433583379,16384,,"[""best_model"", ""epoch_20"", ""final_model""]",,results_pa_confmanifold_coarse/17-25_04-29-26_confman_paperish_mid_lowdrop_unkPA3_c16384_seed0/config.json,,open_conf,0.05,200,,1.0,True,True,True,0.0001,2.5e-05,49,results_pa_confmanifold_coarse/17-25_04-29-26_confman_paperish_mid_lowdrop_unkPA3_c16384_seed0/history.json,0.8488643977377149,0.06418789842772106,49,1.0,0.9962962962962963,49,0.9780239589077206,0.9780239589077206,49,0.9948116433583379,0.9919739642142894,49,0.22171878891962546,0.009710844604436447,49,1.0,0.9962961819809254,49,"[""PA2"", ""PA4"", ""PA8""]",0.0,0.1,0.0001,0.3,val_macro_f1,3,,dqn_proxy_softmax3,,,,results_pa_confmanifold_coarse,results_pa_confmanifold_coarse/17-25_04-29-26_confman_paperish_mid_lowdrop_unkPA3_c16384_seed0,confman_paperish_mid_lowdrop_unkPA3_c16384_seed0,plateau,0,pilot_noisy_torch,digital,open_pa,results_pa_confmanifold_coarse/17-25_04-29-26_confman_paperish_mid_lowdrop_unkPA3_c16384_seed0/summary.json,pa,0.9570891832946915,0.9799301454027624,0.9749128540305012,0.9837073347857661,0.9368620188816268,0.9777777777777777,0.9777530589543938,0.7630610021786493,0.9811147421931735,0.9815141612200436,0.982112079399661,"[""PA3""]","[""PA3""]",0.0001
"[""best_model"", ""epoch_20"", ""final_model""]",16,15,0.9851851851851852,0.8941384956684445,0.9493093889312826,0.9851778656126483,0.9493093889312826,16384,,"[""best_model"", ""epoch_20"", ""final_model""]",,results_pa_confmanifold_coarse/17-30_04-29-26_confman_paperish_mid_lowdrop_unkPA4_c16384_seed0/config.json,,open_conf,0.05,200,,1.0,True,True,True,0.0001,0.0001,30,results_pa_confmanifold_coarse/17-30_04-29-26_confman_paperish_mid_lowdrop_unkPA4_c16384_seed0/history.json,0.8198069884663537,0.08911275673243735,30,1.0,0.9962962962962963,30,0.916448474610769,0.703114251032974,30,0.9493093889312826,0.7474352383832983,30,0.26406800702766137,0.01579915556918692,30,1.0,0.9962961819809254,30,"[""PA2"", ""PA3"", ""PA8""]",0.0,0.1,0.0001,0.3,val_macro_f1,3,,dqn_proxy_softmax3,,,,results_pa_confmanifold_coarse,results_pa_confmanifold_coarse/17-30_04-29-26_confman_paperish_mid_lowdrop_unkPA4_c16384_seed0,confman_paperish_mid_lowdrop_unkPA4_c16384_seed0,plateau,0,pilot_noisy_torch,digital,open_pa,results_pa_confmanifold_coarse/17-30_04-29-26_confman_paperish_mid_lowdrop_unkPA4_c16384_seed0/summary.json,pa,0.868629222331089,0.9557149070223881,0.6055047204066812,0.924575163398693,0.7601481481481482,0.9925925925925926,0.9925916779849363,0.43461147421931734,0.9166013071895426,0.919448075526507,0.9202081820382476,"[""PA4""]","[""PA4""]",0.0001
"[""best_model"", ""epoch_20"", ""final_model""]",16,19,0.9925925925925926,0.9499503767501802,0.9738894721359089,0.9925916779849363,0.9738894721359089,16384,,"[""best_model"", ""epoch_20"", ""final_model""]",,results_pa_confmanifold_coarse/17-32_04-29-26_confman_paperish_mid_lowdrop_unkPA8_c16384_seed0/config.json,,open_conf,0.05,200,,1.0,True,True,True,0.0001,5e-05,34,results_pa_confmanifold_coarse/17-32_04-29-26_confman_paperish_mid_lowdrop_unkPA8_c16384_seed0/history.json,0.7128355648782518,0.046414230633822696,34,0.9925925925925926,0.9925925925925926,34,0.96848694321232,0.9098521436189803,34,0.9738894721359089,0.9455052313685075,34,0.13613507416513232,0.03878133231429038,34,0.9925916779849363,0.9925916779849363,34,"[""PA2"", ""PA3"", ""PA4""]",0.0,0.1,0.0001,0.3,val_macro_f1,3,,dqn_proxy_softmax3,,,,results_pa_confmanifold_coarse,results_pa_confmanifold_coarse/17-32_04-29-26_confman_paperish_mid_lowdrop_unkPA8_c16384_seed0,confman_paperish_mid_lowdrop_unkPA8_c16384_seed0,plateau,0,pilot_noisy_torch,digital,open_pa,results_pa_confmanifold_coarse/17-32_04-29-26_confman_paperish_mid_lowdrop_unkPA8_c16384_seed0/summary.json,pa,0.9559434871252056,0.9797921978623679,0.9138997821350763,0.9771096586782861,0.9275766158315177,0.9851851851851852,0.9851778656126483,0.8006753812636165,0.9697240377632534,0.9764742193173566,0.974435971919632,"[""PA8""]","[""PA8""]",0.0001
"[""best_model"", ""final_model""]",16,4,0.9851851851851852,0.8937629317331977,0.8954765315723214,0.9851851851851853,0.8954765315723214,16384,,"[""best_model"", ""final_model""]",,results_pa_confmanifold_coarse/17-35_04-29-26_confman_paperish_mid_smooth_unkPA2_c16384_seed0/config.json,,open_conf,0.05,200,,1.0,True,True,True,0.0001,0.0001,19,results_pa_confmanifold_coarse/17-35_04-29-26_confman_paperish_mid_smooth_unkPA2_c16384_seed0/history.json,1.0149833399152,0.3112866343013824,19,0.9925925925925926,0.9925925925925926,19,0.8937629317331977,0.7103301081343406,19,0.8954765315723214,0.6480362446141588,19,0.42710995453375356,0.07276790925750026,19,0.9925916779849363,0.9925916779849363,19,"[""PA3"", ""PA4"", ""PA8""]",0.05,0.1,0.0001,0.5,val_macro_f1,2,,dqn_proxy_softmax3,,,,results_pa_confmanifold_coarse,results_pa_confmanifold_coarse/17-35_04-29-26_confman_paperish_mid_smooth_unkPA2_c16384_seed0,confman_paperish_mid_smooth_unkPA2_c16384_seed0,plateau,0,pilot_noisy_torch,digital,open_pa,results_pa_confmanifold_coarse/17-35_04-29-26_confman_paperish_mid_smooth_unkPA2_c16384_seed0/summary.json,pa,0.8999338811719853,0.9028307736015557,0.8132824981844591,0.8199055918663761,0.8128917937545388,0.9962962962962963,0.9962961819809254,0.7967755991285403,0.8149527959331881,0.8195424836601308,0.8181336238198984,"[""PA2""]","[""PA2""]",0.0001
"[""best_model"", ""epoch_20"", ""epoch_50"", ""final_model""]",16,61,0.9962962962962963,0.9518857178007697,0.9940253617252863,0.9962961819809254,0.9940253617252863,16384,,"[""best_model"", ""epoch_20"", ""epoch_50"", ""final_model""]",,results_pa_confmanifold_coarse/17-37_04-29-26_confman_paperish_mid_smooth_unkPA3_c16384_seed0/config.json,,open_conf,0.05,200,,1.0,True,True,True,0.0001,6.25e-06,76,results_pa_confmanifold_coarse/17-37_04-29-26_confman_paperish_mid_smooth_unkPA3_c16384_seed0/history.json,1.0396746262671455,0.2400509360290709,76,1.0,1.0,76,0.9832105662786964,0.9436140139948153,76,0.9940253617252863,0.9874625585442462,76,0.46471624043252735,0.030863132079442343,76,1.0,1.0,76,"[""PA2"", ""PA4"", ""PA8""]",0.05,0.1,0.0001,0.5,val_macro_f1,4,,dqn_proxy_softmax3,,,,results_pa_confmanifold_coarse,results_pa_confmanifold_coarse/17-37_04-29-26_confman_paperish_mid_smooth_unkPA3_c16384_seed0,confman_paperish_mid_smooth_unkPA3_c16384_seed0,plateau,0,pilot_noisy_torch,digital,open_pa,results_pa_confmanifold_coarse/17-37_04-29-26_confman_paperish_mid_smooth_unkPA3_c16384_seed0/summary.json,pa,0.9444493755101423,0.9952081359382883,0.9878177196804648,0.9953122730573711,0.8953006535947713,0.9962962962962963,0.9962961819809254,0.5063217138707334,0.9933587509077706,0.9936928104575165,0.9941212781408861,"[""PA3""]","[""PA3""]",0.0001
"[""best_model"", ""epoch_20"", ""final_model""]",16,28,0.9962962962962963,0.8783656759710052,0.9656303592113729,0.9962961819809254,0.9656303592113729,16384,,"[""best_model"", ""epoch_20"", ""final_model""]",,results_pa_confmanifold_coarse/17-43_04-29-26_confman_paperish_mid_smooth_unkPA4_c16384_seed0/config.json,,open_conf,0.05,200,,1.0,True,True,True,0.0001,2.5e-05,43,results_pa_confmanifold_coarse/17-43_04-29-26_confman_paperish_mid_smooth_unkPA4_c16384_seed0/history.json,1.0457602207622831,0.26347479782407246,43,1.0,0.9962962962962963,43,0.9182952742960598,0.7621220447407983,43,0.9656303592113729,0.7922869821813849,43,0.4899606470708494,0.040105942057238685,43,1.0,0.9962961819809254,43,"[""PA2"", ""PA3"", ""PA8""]",0.05,0.1,0.0001,0.5,val_macro_f1,3,,dqn_proxy_softmax3,,,,results_pa_confmanifold_coarse,results_pa_confmanifold_coarse/17-43_04-29-26_confman_paperish_mid_smooth_unkPA4_c16384_seed0,confman_paperish_mid_smooth_unkPA4_c16384_seed0,plateau,0,pilot_noisy_torch,digital,open_pa,results_pa_confmanifold_coarse/17-43_04-29-26_confman_paperish_mid_smooth_unkPA4_c16384_seed0/summary.json,pa,0.8835674043471112,0.9682442739816649,0.6336238198983297,0.9283587509077705,0.7806913580246915,1.0,1.0,0.45734204793028327,0.944415395787945,0.9397167755991287,0.9374969740982814,"[""PA4""]","[""PA4""]",0.0001
"[""best_model"", ""epoch_20"", ""final_model""]",16,28,0.9925925925925926,0.9843358513980616,0.9841232677530873,0.9925916779849363,0.9841232677530873,16384,,"[""best_model"", ""epoch_20"", ""final_model""]",,results_pa_confmanifold_coarse/17-46_04-29-26_confman_paperish_mid_smooth_unkPA8_c16384_seed0/config.json,,open_conf,0.05,200,,1.0,True,True,True,0.0001,1.25e-05,43,results_pa_confmanifold_coarse/17-46_04-29-26_confman_paperish_mid_smooth_unkPA8_c16384_seed0/history.json,0.959780410357884,0.2423280685193955,43,0.9925925925925926,0.9925925925925926,43,0.9843358513980616,0.9484497647682141,43,0.9841232677530873,0.9403204836414396,43,0.25122268575209156,0.056291114732071205,43,0.9925916779849363,0.9925916779849363,43,"[""PA2"", ""PA3"", ""PA4""]",0.05,0.1,0.0001,0.5,val_macro_f1,3,,dqn_proxy_softmax3,,,,results_pa_confmanifold_coarse,results_pa_confmanifold_coarse/17-46_04-29-26_confman_paperish_mid_smooth_unkPA8_c16384_seed0,confman_paperish_mid_smooth_unkPA8_c16384_seed0,plateau,0,pilot_noisy_torch,digital,open_pa,results_pa_confmanifold_coarse/17-46_04-29-26_confman_paperish_mid_smooth_unkPA8_c16384_seed0/summary.json,pa,0.9889513502518776,0.988918071202145,0.9934567901234568,0.992723311546841,0.9927392883079158,0.9851851851851852,0.9851778656126483,0.9922222222222222,0.9926071169208424,0.9926870007262164,0.9926724763979666,"[""PA8""]","[""PA8""]",0.0001
"[""best_model"", ""epoch_20"", ""final_model""]",16,15,0.9925925925925926,0.9212697429494201,0.9188513234302649,0.9925916779849363,0.9188513234302649,16384,,"[""best_model"", ""epoch_20"", ""final_model""]",,results_pa_confmanifold_refined/00-00_04-30-26_ref_pms_lr2e4_unkPA2_c16384_seed0/config.json,,open_conf,0.05,200,,1.0,True,True,True,0.0002,0.0001,30,results_pa_confmanifold_refined/00-00_04-30-26_ref_pms_lr2e4_unkPA2_c16384_seed0/history.json,0.8382975538571675,0.24666280576160976,30,0.9925925925925926,0.9925925925925926,30,0.9212697429494201,0.7340808652754014,30,0.9188513234302649,0.75431286712426,30,0.15604981073626764,0.06249262160725064,30,0.9925916779849363,0.9925916779849363,30,"[""PA3"", ""PA4"", ""PA8""]",0.05,0.1,0.0002,0.5,val_macro_f1,3,,dqn_proxy_softmax3,,,,results_pa_confmanifold_refined,results_pa_confmanifold_refined/00-00_04-30-26_ref_pms_lr2e4_unkPA2_c16384_seed0,ref_pms_lr2e4_unkPA2_c16384_seed0,plateau,0,pilot_noisy_torch,digital,open_pa,results_pa_confmanifold_refined/00-00_04-30-26_ref_pms_lr2e4_unkPA2_c16384_seed0/summary.json,pa,0.9283734336984633,0.9266578008560719,0.9074872912127815,0.8626579520697168,0.865081336238199,0.9962962962962963,0.9962961819809254,0.8322585330428467,0.8606608569353666,0.8623420479302832,0.861886952311789,"[""PA2""]","[""PA2""]",0.0001
"[""best_model"", ""epoch_20"", ""epoch_50"", ""final_model""]",16,51,1.0,0.9532595154016055,0.9985689348740393,1.0,0.9985689348740393,16384,,"[""best_model"", ""epoch_20"", ""epoch_50"", ""final_model""]",,results_pa_confmanifold_refined/00-02_04-30-26_ref_pms_lr2e4_unkPA3_c16384_seed0/config.json,,open_conf,0.05,200,,1.0,True,True,True,0.0002,1.25e-05,66,results_pa_confmanifold_refined/00-02_04-30-26_ref_pms_lr2e4_unkPA3_c16384_seed0/history.json,0.8924305651869092,0.22828213302862077,66,1.0,1.0,66,0.9657147292402684,0.9521710086059277,66,0.9985689348740393,0.9936319875834168,66,0.21131874333929132,0.030706888685623806,66,1.0,1.0,66,"[""PA2"", ""PA4"", ""PA8""]",0.05,0.1,0.0002,0.5,val_macro_f1,4,,dqn_proxy_softmax3,,,,results_pa_confmanifold_refined,results_pa_confmanifold_refined/00-02_04-30-26_ref_pms_lr2e4_unkPA3_c16384_seed0,ref_pms_lr2e4_unkPA3_c16384_seed0,plateau,0,pilot_noisy_torch,digital,open_pa,results_pa_confmanifold_refined/00-02_04-30-26_ref_pms_lr2e4_unkPA3_c16384_seed0/summary.json,pa,0.9486420347696746,0.9959796795457354,0.9838671023965142,0.9957843137254901,0.9032672476397966,0.9962962962962963,0.9962961819809254,0.545479302832244,0.9955301379811183,0.9956753812636165,0.9956632776567417,"[""PA3""]","[""PA3""]",0.0001
"[""best_model"", ""epoch_20"", ""final_model""]",16,10,0.9814814814814815,0.9143518034832668,0.9569263233393451,0.9814809099046267,0.9569263233393451,16384,,"[""best_model"", ""epoch_20"", ""final_model""]",,results_pa_confmanifold_refined/00-08_04-30-26_ref_pms_lr2e4_unkPA4_c16384_seed0/config.json,,open_conf,0.05,200,,1.0,True,True,True,0.0002,0.0001,25,results_pa_confmanifold_refined/00-08_04-30-26_ref_pms_lr2e4_unkPA4_c16384_seed0/history.json,0.8855568223529392,0.2609953526466612,25,1.0,0.9925925925925926,25,0.9143518034832668,0.7636743112198344,25,0.9569263233393451,0.7716525223133831,25,0.33988742563459606,0.04565580316163875,25,1.0,0.9925916779849363,25,"[""PA2"", ""PA3"", ""PA8""]",0.05,0.1,0.0002,0.5,val_macro_f1,3,,dqn_proxy_softmax3,,,,results_pa_confmanifold_refined,results_pa_confmanifold_refined/00-08_04-30-26_ref_pms_lr2e4_unkPA4_c16384_seed0,ref_pms_lr2e4_unkPA4_c16384_seed0,plateau,0,pilot_noisy_torch,digital,open_pa,results_pa_confmanifold_refined/00-08_04-30-26_ref_pms_lr2e4_unkPA4_c16384_seed0/summary.json,pa,0.9102759198063404,0.9670984012069465,0.7995279593318809,0.9559477124183005,0.844236746550472,0.9814814814814815,0.9814809099046267,0.562875816993464,0.9481771968046477,0.9546550472040669,0.9529266521423384,"[""PA4""]","[""PA4""]",0.0001
"[""best_model"", ""epoch_20"", ""final_model""]",16,5,0.9814814814814815,0.9623462412592693,0.9694260790411996,0.9814809099046267,0.9694260790411996,16384,,"[""best_model"", ""epoch_20"", ""final_model""]",,results_pa_confmanifold_refined/00-10_04-30-26_ref_pms_lr2e4_unkPA8_c16384_seed0/config.json,,open_conf,0.05,200,,1.0,True,True,True,0.0002,0.0002,20,results_pa_confmanifold_refined/00-10_04-30-26_ref_pms_lr2e4_unkPA8_c16384_seed0/history.json,0.8052222387185173,0.2450605560389776,20,0.9925925925925926,0.9925925925925926,20,0.9623462412592693,0.9336859513636827,20,0.9694260790411996,0.9448666784278594,20,0.14223951388288428,0.06311879687839084,20,0.9925916779849363,0.9925916779849363,20,"[""PA2"", ""PA3"", ""PA4""]",0.05,0.1,0.0002,0.5,val_macro_f1,3,,dqn_proxy_softmax3,,,,results_pa_confmanifold_refined,results_pa_confmanifold_refined/00-10_04-30-26_ref_pms_lr2e4_unkPA8_c16384_seed0,ref_pms_lr2e4_unkPA8_c16384_seed0,plateau,0,pilot_noisy_torch,digital,open_pa,results_pa_confmanifold_refined/00-10_04-30-26_ref_pms_lr2e4_unkPA8_c16384_seed0/summary.json,pa,0.9741569180931056,0.9807938966226175,0.9929411764705883,0.9786782861292666,0.9632592592592593,0.9851851851851852,0.9851778656126483,0.8940668119099492,0.9723674655047204,0.978242556281772,0.9764294359719196,"[""PA8""]","[""PA8""]",0.0001
"[""best_model"", ""epoch_20"", ""final_model""]",16,25,0.9925925925925926,0.9780740076654788,0.9739307867810494,0.9925916779849363,0.9739307867810494,16384,,"[""best_model"", ""epoch_20"", ""final_model""]",,results_pa_confmanifold_refined/00-12_04-30-26_ref_base_nocenter_unkPA2_c16384_seed0/config.json,,open_conf,0.0,200,,,True,True,True,0.0005,0.0004545465218703844,40,results_pa_confmanifold_refined/00-12_04-30-26_ref_base_nocenter_unkPA2_c16384_seed0/history.json,0.5569620970695738,0.3113044548602331,40,0.9925925925925926,0.9925925925925926,40,0.9780740076654788,0.7126374824805131,40,0.9739307867810494,0.6633469026692402,40,0.19560196421764514,0.09744963292722349,40,0.9925916779849363,0.9925916779849363,40,"[""PA3"", ""PA4"", ""PA8""]",0.1,0.0,0.0005,0.3,val_macro_f1,3,,dqn_proxy_softmax3,,,,results_pa_confmanifold_refined,results_pa_confmanifold_refined/00-12_04-30-26_ref_base_nocenter_unkPA2_c16384_seed0,ref_base_nocenter_unkPA2_c16384_seed0,cosine,0,pilot_noisy_torch,digital,open_pa,results_pa_confmanifold_refined/00-12_04-30-26_ref_base_nocenter_unkPA2_c16384_seed0/summary.json,pa,0.9911785200607806,0.9877190134704938,0.9948366013071895,0.9799636891793755,0.9860871459694989,0.9962962962962963,0.9962961819809254,0.9979520697167756,0.9778649237472767,0.9798184458968773,0.9792156862745097,"[""PA2""]","[""PA2""]",0.0
"[""best_model"", ""epoch_20"", ""epoch_50"", ""final_model""]",16,42,0.9851851851851852,0.9648735897086174,0.9860334372998495,0.9851778656126483,0.9860334372998495,16384,,"[""best_model"", ""epoch_20"", ""epoch_50"", ""final_model""]",,results_pa_confmanifold_refined/00-15_04-30-26_ref_base_nocenter_unkPA3_c16384_seed0/config.json,,open_conf,0.0,200,,,True,True,True,0.0005,0.0004093741262376848,57,results_pa_confmanifold_refined/00-15_04-30-26_ref_base_nocenter_unkPA3_c16384_seed0/history.json,0.6257927491551354,0.3197967497129289,57,1.0,1.0,57,0.9855793483613289,0.9163332727052241,57,0.9860334372998495,0.9551355666172651,57,0.3615361126484694,0.0707423961272946,57,1.0,1.0,57,"[""PA2"", ""PA4"", ""PA8""]",0.1,0.0,0.0005,0.3,val_macro_f1,4,,dqn_proxy_softmax3,,,,results_pa_confmanifold_refined,results_pa_confmanifold_refined/00-15_04-30-26_ref_base_nocenter_unkPA3_c16384_seed0,ref_base_nocenter_unkPA3_c16384_seed0,cosine,0,pilot_noisy_torch,digital,open_pa,results_pa_confmanifold_refined/00-15_04-30-26_ref_base_nocenter_unkPA3_c16384_seed0/summary.json,pa,0.9756179607430485,0.991311000039774,0.9445424836601308,0.9907298474945534,0.9553689179375455,0.9962962962962963,0.9962961819809254,0.8732498184458969,0.9817538126361656,0.9865686274509804,0.9863507625272332,"[""PA3""]","[""PA3""]",0.0
"[""best_model"", ""final_model""]",16,4,0.9703703703703703,0.7976008911994481,0.8728129319648533,0.9703117268678872,0.8728129319648533,16384,,"[""best_model"", ""final_model""]",,results_pa_confmanifold_refined/00-19_04-30-26_ref_base_nocenter_unkPA4_c16384_seed0/config.json,,open_conf,0.0,200,,,True,True,True,0.0005,0.0004900754067349518,19,results_pa_confmanifold_refined/00-19_04-30-26_ref_base_nocenter_unkPA4_c16384_seed0/history.json,0.6158421308275253,0.32538803598237415,19,1.0,0.9851851851851852,19,0.7976008911994481,0.7110050552261763,19,0.8728129319648533,0.7530493194942984,19,0.25276862029676084,0.10611422586220282,19,1.0,0.9851851851851853,19,"[""PA2"", ""PA3"", ""PA8""]",0.1,0.0,0.0005,0.3,val_macro_f1,2,,dqn_proxy_softmax3,,,,results_pa_confmanifold_refined,results_pa_confmanifold_refined/00-19_04-30-26_ref_base_nocenter_unkPA4_c16384_seed0,ref_base_nocenter_unkPA4_c16384_seed0,cosine,0,pilot_noisy_torch,digital,open_pa,results_pa_confmanifold_refined/00-19_04-30-26_ref_base_nocenter_unkPA4_c16384_seed0/summary.json,pa,0.8203701714624447,0.8827048456300897,0.5288380537400145,0.8136746550472042,0.7017022512708788,0.9592592592592593,0.9591065398556337,0.5425054466230936,0.809840232389252,0.8136528685548294,0.8123892519970952,"[""PA4""]","[""PA4""]",0.0
"[""best_model"", ""epoch_20"", ""final_model""]",16,12,0.9925925925925926,0.9812898856808974,0.9816875433236056,0.9925916779849363,0.9816875433236056,16384,,"[""best_model"", ""epoch_20"", ""final_model""]",,results_pa_confmanifold_refined/00-21_04-30-26_ref_base_nocenter_unkPA8_c16384_seed0/config.json,,open_conf,0.0,200,,,True,True,True,0.0005,0.0004794427686897109,27,results_pa_confmanifold_refined/00-21_04-30-26_ref_base_nocenter_unkPA8_c16384_seed0/history.json,0.486805085057304,0.35919181477455864,27,0.9925925925925926,0.9925925925925926,27,0.9812898856808974,0.8883169894262362,27,0.9816875433236056,0.9078599096899788,27,0.14370582854306257,0.11376304251176339,27,0.9925916779849363,0.9925916779849363,27,"[""PA2"", ""PA3"", ""PA4""]",0.1,0.0,0.0005,0.3,val_macro_f1,3,,dqn_proxy_softmax3,,,,results_pa_confmanifold_refined,results_pa_confmanifold_refined/00-21_04-30-26_ref_base_nocenter_unkPA8_c16384_seed0,ref_base_nocenter_unkPA8_c16384_seed0,cosine,0,pilot_noisy_torch,digital,open_pa,results_pa_confmanifold_refined/00-21_04-30-26_ref_base_nocenter_unkPA8_c16384_seed0/summary.json,pa,0.9850653243448724,0.9855723929041814,0.9899854756717501,0.9867247639796659,0.9849527959331882,0.9851851851851852,0.9851778656126483,0.976877269426289,0.9844299201161946,0.9867465504720406,0.9859670781893004,"[""PA8""]","[""PA8""]",0.0
"[""best_model"", ""epoch_20"", ""final_model""]",16,12,0.9925925925925926,0.8585904275904409,0.9156270813568951,0.9925916779849363,0.9156270813568951,16384,,"[""best_model"", ""epoch_20"", ""final_model""]",,results_pa_confmanifold_refined/21-25_04-29-26_ref_base_ctrl_unkPA2_c16384_seed0/config.json,,open_conf,0.0,200,,,True,True,True,0.0005,0.0004794427686897109,27,results_pa_confmanifold_refined/21-25_04-29-26_ref_base_ctrl_unkPA2_c16384_seed0/history.json,0.6407803815508646,0.32755073100801496,27,0.9925925925925926,0.9925925925925926,27,0.8585904275904409,0.7777862880689839,27,0.9156270813568951,0.7167585659346726,27,0.14790047694135594,0.09884858043105514,27,0.9925916779849363,0.9925916779849363,27,"[""PA3"", ""PA4"", ""PA8""]",0.1,0.1,0.0005,0.3,val_macro_f1,3,,dqn_proxy_softmax3,,,,results_pa_confmanifold_refined,results_pa_confmanifold_refined/21-25_04-29-26_ref_base_ctrl_unkPA2_c16384_seed0,ref_base_ctrl_unkPA2_c16384_seed0,cosine,0,pilot_noisy_torch,digital,open_pa,results_pa_confmanifold_refined/21-25_04-29-26_ref_base_ctrl_unkPA2_c16384_seed0/summary.json,pa,0.8651848029073844,0.9372698076442486,0.705439360929557,0.8940522875816994,0.7513275236020335,0.9962962962962963,0.9962961819809254,0.4059767610748003,0.8605374001452433,0.8906318082788671,0.8817404986686034,"[""PA2""]","[""PA2""]",0.0
"[""best_model"", ""epoch_20"", ""final_model""]",16,9,1.0,0.9276214106420148,0.9851677804087766,1.0,0.9851677804087766,16384,,"[""best_model"", ""epoch_20"", ""final_model""]",,results_pa_confmanifold_refined/21-27_04-29-26_ref_base_ctrl_unkPA3_c16384_seed0/config.json,,open_conf,0.0,200,,,True,True,True,0.0005,0.0004838642355059253,24,results_pa_confmanifold_refined/21-27_04-29-26_ref_base_ctrl_unkPA3_c16384_seed0/history.json,0.6930478705300225,0.34521191858109973,24,1.0,0.9851851851851852,24,0.9413821691060874,0.9158774686425143,24,0.9851677804087766,0.963658144008223,24,0.3515523950258891,0.08945560041401121,24,1.0,0.9851778656126483,24,"[""PA2"", ""PA4"", ""PA8""]",0.1,0.1,0.0005,0.3,val_macro_f1,3,,dqn_proxy_softmax3,,,,results_pa_confmanifold_refined,results_pa_confmanifold_refined/21-27_04-29-26_ref_base_ctrl_unkPA3_c16384_seed0,ref_base_ctrl_unkPA3_c16384_seed0,cosine,0,pilot_noisy_torch,digital,open_pa,results_pa_confmanifold_refined/21-27_04-29-26_ref_base_ctrl_unkPA3_c16384_seed0/summary.json,pa,0.919769472209472,0.976615510341676,0.9428794480755265,0.9744480755265068,0.8587037037037037,0.9851851851851852,0.9851778656126483,0.44625635439360933,0.9631699346405229,0.966764705882353,0.9681275720164608,"[""PA3""]","[""PA3""]",0.0
"[""best_model"", ""epoch_20"", ""epoch_50"", ""final_model""]",16,36,0.9851851851851852,0.8995291852141243,0.978981782151286,0.9851778656126483,0.978981782151286,16384,,"[""best_model"", ""epoch_20"", ""epoch_50"", ""final_model""]",,results_pa_confmanifold_refined/21-29_04-29-26_ref_base_ctrl_unkPA4_c16384_seed0/config.json,,open_conf,0.0,200,,,True,True,True,0.0005,0.00042679133995757743,51,results_pa_confmanifold_refined/21-29_04-29-26_ref_base_ctrl_unkPA4_c16384_seed0/history.json,0.6900900123611329,0.32727045823657325,51,1.0,0.9888888888888889,51,0.8995291852141243,0.7519996002912603,51,0.978981782151286,0.7757712875902397,51,0.29339014490445453,0.09992272881446061,51,1.0,0.9888858016115588,51,"[""PA2"", ""PA3"", ""PA8""]",0.1,0.1,0.0005,0.3,val_macro_f1,4,,dqn_proxy_softmax3,,,,results_pa_confmanifold_refined,results_pa_confmanifold_refined/21-29_04-29-26_ref_base_ctrl_unkPA4_c16384_seed0,ref_base_ctrl_unkPA4_c16384_seed0,cosine,0,pilot_noisy_torch,digital,open_pa,results_pa_confmanifold_refined/21-29_04-29-26_ref_base_ctrl_unkPA4_c16384_seed0/summary.json,pa,0.9051791591140442,0.9864919176346355,0.5402106027596224,0.974001452432825,0.8193493100944081,1.0,1.0,0.6370370370370371,0.9720479302832246,0.9734495279593319,0.9731663035584605,"[""PA4""]","[""PA4""]",0.0
"[""best_model"", ""epoch_20"", ""final_model""]",16,22,0.9925925925925926,0.9226575728096306,0.9841232677530872,0.9925916779849363,0.9841232677530872,16384,,"[""best_model"", ""epoch_20"", ""final_model""]",,results_pa_confmanifold_refined/21-33_04-29-26_ref_base_ctrl_unkPA8_c16384_seed0/config.json,,open_conf,0.0,200,,,True,True,True,0.0005,0.00046108976497922854,37,results_pa_confmanifold_refined/21-33_04-29-26_ref_base_ctrl_unkPA8_c16384_seed0/history.json,0.5904229252111344,0.3149903391088758,37,0.9925925925925926,0.9925925925925926,37,0.969904609736971,0.8301996202028241,37,0.9841232677530872,0.8579575339503751,37,0.17209836619871635,0.09965886694413645,37,0.9925916779849363,0.9925916779849363,37,"[""PA2"", ""PA3"", ""PA4""]",0.1,0.1,0.0005,0.3,val_macro_f1,3,,dqn_proxy_softmax3,,,,results_pa_confmanifold_refined,results_pa_confmanifold_refined/21-33_04-29-26_ref_base_ctrl_unkPA8_c16384_seed0,ref_base_ctrl_unkPA8_c16384_seed0,cosine,0,pilot_noisy_torch,digital,open_pa,results_pa_confmanifold_refined/21-33_04-29-26_ref_base_ctrl_unkPA8_c16384_seed0/summary.json,pa,0.9223460266084584,0.9881864932351818,0.7282643427741466,0.9911474219317357,0.8635214233841685,0.9851851851851852,0.9851778656126483,0.6157298474945534,0.9912708787218591,0.9911946259985476,0.9912043088840474,"[""PA8""]","[""PA8""]",0.0
"[""best_model"", ""epoch_20"", ""final_model""]",16,12,0.9925925925925926,0.8837394099063344,0.9052190023447463,0.9925916779849363,0.9052190023447463,16384,,"[""best_model"", ""epoch_20"", ""final_model""]",,results_pa_confmanifold_refined/21-36_04-29-26_ref_base_ls005_unkPA2_c16384_seed0/config.json,,open_conf,0.0,200,,,True,True,True,0.0005,0.0004794427686897109,27,results_pa_confmanifold_refined/21-36_04-29-26_ref_base_ls005_unkPA2_c16384_seed0/history.json,0.5564289178167071,0.20993961587784782,27,0.9925925925925926,0.9925925925925926,27,0.8843129031947956,0.8059565868317318,27,0.9052190023447463,0.8444857498890954,27,0.14800481884567826,0.07165352084018566,27,0.9925916779849363,0.9925916779849363,27,"[""PA3"", ""PA4"", ""PA8""]",0.05,0.1,0.0005,0.3,val_macro_f1,3,,dqn_proxy_softmax3,,,,results_pa_confmanifold_refined,results_pa_confmanifold_refined/21-36_04-29-26_ref_base_ls005_unkPA2_c16384_seed0,ref_base_ls005_unkPA2_c16384_seed0,cosine,0,pilot_noisy_torch,digital,open_pa,results_pa_confmanifold_refined/21-36_04-29-26_ref_base_ls005_unkPA2_c16384_seed0/summary.json,pa,0.8829618674567142,0.9095614684541543,0.8072912127814088,0.8339143064633261,0.7825199709513435,0.9962962962962963,0.9962961819809254,0.6141757443718228,0.825199709513435,0.8320188816267248,0.8303776325344954,"[""PA2""]","[""PA2""]",0.0
"[""best_model"", ""epoch_20"", ""final_model""]",16,24,0.9962962962962963,0.933306964304641,0.9888153262780212,0.9962961819809254,0.9888153262780212,16384,,"[""best_model"", ""epoch_20"", ""final_model""]",,results_pa_confmanifold_refined/21-38_04-29-26_ref_base_ls005_unkPA3_c16384_seed0/config.json,,open_conf,0.0,200,,,True,True,True,0.0005,0.0004567787895399265,39,results_pa_confmanifold_refined/21-38_04-29-26_ref_base_ls005_unkPA3_c16384_seed0/history.json,0.6635444890885126,0.23005279430321285,39,1.0,0.9925925925925926,39,0.9536228159054033,0.8824079537279039,39,0.9888153262780212,0.9460350656013845,39,0.2823153849001284,0.05838632751946096,39,1.0,0.9925916779849363,39,"[""PA2"", ""PA4"", ""PA8""]",0.05,0.1,0.0005,0.3,val_macro_f1,3,,dqn_proxy_softmax3,,,,results_pa_confmanifold_refined,results_pa_confmanifold_refined/21-38_04-29-26_ref_base_ls005_unkPA3_c16384_seed0,ref_base_ls005_unkPA3_c16384_seed0,cosine,0,pilot_noisy_torch,digital,open_pa,results_pa_confmanifold_refined/21-38_04-29-26_ref_base_ls005_unkPA3_c16384_seed0/summary.json,pa,0.931645143943701,0.9831188284006883,0.944520697167756,0.977164124909223,0.8744408133623821,0.9925925925925926,0.9925916779849363,0.5064742193173566,0.9708097312999274,0.9732352941176472,0.973736383442266,"[""PA3""]","[""PA3""]",0.0
"[""best_model"", ""epoch_20"", ""final_model""]",16,25,1.0,0.9080844035389096,0.9591019462027364,1.0,0.9591019462027364,16384,,"[""best_model"", ""epoch_20"", ""final_model""]",,results_pa_confmanifold_refined/21-42_04-29-26_ref_base_ls005_unkPA4_c16384_seed0/config.json,,open_conf,0.0,200,,,True,True,True,0.0005,0.0004545465218703844,40,results_pa_confmanifold_refined/21-42_04-29-26_ref_base_ls005_unkPA4_c16384_seed0/history.json,0.6643963109879266,0.20823550191190507,40,1.0,1.0,40,0.9080844035389096,0.7964117056763239,40,0.9591019462027364,0.7933623814580303,40,0.23313730469456426,0.0528450308850518,40,1.0,1.0,40,"[""PA2"", ""PA3"", ""PA8""]",0.05,0.1,0.0005,0.3,val_macro_f1,3,,dqn_proxy_softmax3,,,,results_pa_confmanifold_refined,results_pa_confmanifold_refined/21-42_04-29-26_ref_base_ls005_unkPA4_c16384_seed0,ref_base_ls005_unkPA4_c16384_seed0,cosine,0,pilot_noisy_torch,digital,open_pa,results_pa_confmanifold_refined/21-42_04-29-26_ref_base_ls005_unkPA4_c16384_seed0/summary.json,pa,0.9229227987078484,0.9767089127111775,0.616223674655047,0.9572912127814089,0.8517864923747277,1.0,1.0,0.7808278867102395,0.9493246187363835,0.9552650689905591,0.9539603001694505,"[""PA4""]","[""PA4""]",0.0
"[""best_model"", ""epoch_20"", ""final_model""]",16,14,0.9925925925925926,0.9219508261928541,0.9801698389122856,0.9925916779849363,0.9801698389122856,16384,,"[""best_model"", ""epoch_20"", ""final_model""]",,results_pa_confmanifold_refined/21-45_04-29-26_ref_base_ls005_unkPA8_c16384_seed0/config.json,,open_conf,0.0,200,,,True,True,True,0.0005,0.00047621152176388143,29,results_pa_confmanifold_refined/21-45_04-29-26_ref_base_ls005_unkPA8_c16384_seed0/history.json,0.4958951258470142,0.197642987020432,29,0.9925925925925926,0.9925925925925926,29,0.9581323281776061,0.827432426078179,29,0.9801698389122856,0.8572537707821938,29,0.1048915797913516,0.0707750192394963,29,0.9925916779849363,0.9925916779849363,29,"[""PA2"", ""PA3"", ""PA4""]",0.05,0.1,0.0005,0.3,val_macro_f1,3,,dqn_proxy_softmax3,,,,results_pa_confmanifold_refined,results_pa_confmanifold_refined/21-45_04-29-26_ref_base_ls005_unkPA8_c16384_seed0,ref_base_ls005_unkPA8_c16384_seed0,cosine,0,pilot_noisy_torch,digital,open_pa,results_pa_confmanifold_refined/21-45_04-29-26_ref_base_ls005_unkPA8_c16384_seed0/summary.json,pa,0.9276269155420115,0.986215836989728,0.8450399419026869,0.9863543936092956,0.8734379084967321,0.9851851851851852,0.9851778656126483,0.5603848946986202,0.9889034132171388,0.9865068990559187,0.9872549019607844,"[""PA8""]","[""PA8""]",0.0
"[""best_model"", ""epoch_20"", ""final_model""]",16,5,0.9851851851851852,0.944700583964251,0.9450370013996671,0.9851851851851853,0.9450370013996671,16384,,"[""best_model"", ""epoch_20"", ""final_model""]",,results_pa_confmanifold_refined/21-47_04-29-26_ref_base_ls002_unkPA2_c16384_seed0/config.json,,open_conf,0.0,200,,,True,True,True,0.0005,0.0004889504640488425,20,results_pa_confmanifold_refined/21-47_04-29-26_ref_base_ls002_unkPA2_c16384_seed0/history.json,0.5189183016618093,0.13612458899853722,20,0.9925925925925926,0.9925925925925926,20,0.944700583964251,0.7546115246435554,20,0.9450370013996671,0.6461708514392952,20,0.7694627775086297,0.07676950604827315,20,0.9925916779849363,0.9925916779849363,20,"[""PA3"", ""PA4"", ""PA8""]",0.02,0.1,0.0005,0.3,val_macro_f1,3,,dqn_proxy_softmax3,,,,results_pa_confmanifold_refined,results_pa_confmanifold_refined/21-47_04-29-26_ref_base_ls002_unkPA2_c16384_seed0,ref_base_ls002_unkPA2_c16384_seed0,cosine,0,pilot_noisy_torch,digital,open_pa,results_pa_confmanifold_refined/21-47_04-29-26_ref_base_ls002_unkPA2_c16384_seed0/summary.json,pa,0.950648095466046,0.9504933283546344,0.908482207697894,0.9064705882352941,0.9070915032679739,0.9962962962962963,0.9962961819809254,0.9065867828612927,0.9073275236020335,0.906590413943355,0.9067961752602276,"[""PA2""]","[""PA2""]",0.0
"[""best_model"", ""epoch_20"", ""final_model""]",16,34,0.9888888888888889,0.9433653966544131,0.9935905707192587,0.9888858016115588,0.9935905707192587,16384,,"[""best_model"", ""epoch_20"", ""final_model""]",,results_pa_confmanifold_refined/21-49_04-29-26_ref_base_ls002_unkPA3_c16384_seed0/config.json,,open_conf,0.0,200,,,True,True,True,0.0005,0.00043225570842398174,49,results_pa_confmanifold_refined/21-49_04-29-26_ref_base_ls002_unkPA3_c16384_seed0/history.json,0.6603690790751624,0.12025272536372382,49,1.0,0.9888888888888889,49,0.9523784391501232,0.9064294485271155,49,0.9935905707192587,0.9453881956172976,49,0.2430590738852819,0.0382776724519553,49,1.0,0.9888858016115588,49,"[""PA2"", ""PA4"", ""PA8""]",0.02,0.1,0.0005,0.3,val_macro_f1,3,,dqn_proxy_softmax3,,,,results_pa_confmanifold_refined,results_pa_confmanifold_refined/21-49_04-29-26_ref_base_ls002_unkPA3_c16384_seed0,ref_base_ls002_unkPA3_c16384_seed0,cosine,0,pilot_noisy_torch,digital,open_pa,results_pa_confmanifold_refined/21-49_04-29-26_ref_base_ls002_unkPA3_c16384_seed0/summary.json,pa,0.9438294108574411,0.9931716349224383,0.9675490196078431,0.9904248366013072,0.8941256354393611,0.9962962962962963,0.9962961819809254,0.5329084967320261,0.9898438634713146,0.9899019607843138,0.990056886952312,"[""PA3""]","[""PA3""]",0.0
"[""best_model"", ""final_model""]",16,4,0.9592592592592593,0.8650861233690756,0.9566770144214127,0.9591065398556337,0.9566770144214127,16384,,"[""best_model"", ""final_model""]",,results_pa_confmanifold_refined/21-53_04-29-26_ref_base_ls002_unkPA4_c16384_seed0/config.json,,open_conf,0.0,200,,,True,True,True,0.0005,0.0004900754067349518,19,results_pa_confmanifold_refined/21-53_04-29-26_ref_base_ls002_unkPA4_c16384_seed0/history.json,0.6147822544688271,0.14064310571504018,19,0.9962962962962963,0.9814814814814815,19,0.8926171811581746,0.7493927325387356,19,0.9566770144214127,0.7224065724795075,19,0.30297483249946877,0.06075717078314887,19,0.9962961819809254,0.9814671814671815,19,"[""PA2"", ""PA3"", ""PA8""]",0.02,0.1,0.0005,0.3,val_macro_f1,2,,dqn_proxy_softmax3,,,,results_pa_confmanifold_refined,results_pa_confmanifold_refined/21-53_04-29-26_ref_base_ls002_unkPA4_c16384_seed0,ref_base_ls002_unkPA4_c16384_seed0,cosine,0,pilot_noisy_torch,digital,open_pa,results_pa_confmanifold_refined/21-53_04-29-26_ref_base_ls002_unkPA4_c16384_seed0/summary.json,pa,0.8491749384471985,0.9327392023049297,0.590319535221496,0.9386274509803922,0.7669063180827888,0.9407407407407408,0.9402687904430064,0.46840232389252,0.9160275962236747,0.9211546840958605,0.9252699104333092,"[""PA4""]","[""PA4""]",0.0
"[""best_model"", ""epoch_20"", ""final_model""]",16,6,0.9925925925925926,0.9579853446531323,0.978937540412818,0.9925916779849363,0.978937540412818,16384,,"[""best_model"", ""epoch_20"", ""final_model""]",,results_pa_confmanifold_refined/21-54_04-29-26_ref_base_ls002_unkPA8_c16384_seed0/config.json,,open_conf,0.0,200,,,True,True,True,0.0005,0.0004877665762479736,21,results_pa_confmanifold_refined/21-54_04-29-26_ref_base_ls002_unkPA8_c16384_seed0/history.json,0.4567275704372497,0.11469549028173326,21,0.9925925925925926,0.9925925925925926,21,0.9579853446531323,0.8982356812210607,21,0.978937540412818,0.9338583135492684,21,0.15881168798164086,0.043788525572529546,21,0.9925916779849363,0.9925916779849363,21,"[""PA2"", ""PA3"", ""PA4""]",0.02,0.1,0.0005,0.3,val_macro_f1,3,,dqn_proxy_softmax3,,,,results_pa_confmanifold_refined,results_pa_confmanifold_refined/21-54_04-29-26_ref_base_ls002_unkPA8_c16384_seed0,ref_base_ls002_unkPA8_c16384_seed0,cosine,0,pilot_noisy_torch,digital,open_pa,results_pa_confmanifold_refined/21-54_04-29-26_ref_base_ls002_unkPA8_c16384_seed0/summary.json,pa,0.9694392523208152,0.9898364513805584,0.9854030501089325,0.99440813362382,0.9539520697167756,0.9851851851851852,0.9851778656126483,0.8008061002178649,0.9946913580246913,0.9944517066085693,0.9945170660856935,"[""PA8""]","[""PA8""]",0.0
"[""best_model"", ""epoch_20"", ""final_model""]",16,27,0.9925925925925926,0.9406477737453321,0.9373096331438989,0.9925916779849363,0.9373096331438989,16384,,"[""best_model"", ""epoch_20"", ""final_model""]",,results_pa_confmanifold_refined/21-56_04-29-26_ref_base_ls000_unkPA2_c16384_seed0/config.json,,open_conf,0.0,200,,,True,True,True,0.0005,0.0004499311803888482,42,results_pa_confmanifold_refined/21-56_04-29-26_ref_base_ls000_unkPA2_c16384_seed0/history.json,0.4876813947208344,0.03713896566676715,42,0.9925925925925926,0.9925925925925926,42,0.9406477737453321,0.6609831268815903,42,0.9373096331438989,0.4121644870672403,42,0.1282803789884956,0.03204608871773989,42,0.9925916779849363,0.9925916779849363,42,"[""PA3"", ""PA4"", ""PA8""]",0.0,0.1,0.0005,0.3,val_macro_f1,3,,dqn_proxy_softmax3,,,,results_pa_confmanifold_refined,results_pa_confmanifold_refined/21-56_04-29-26_ref_base_ls000_unkPA2_c16384_seed0,ref_base_ls000_unkPA2_c16384_seed0,cosine,0,pilot_noisy_torch,digital,open_pa,results_pa_confmanifold_refined/21-56_04-29-26_ref_base_ls000_unkPA2_c16384_seed0/summary.json,pa,0.9465315921147289,0.9417063900606973,0.9056572258533043,0.8895352214960057,0.8992527233115467,0.9962962962962963,0.9962961819809254,0.9202832244008714,0.8911619462599855,0.8896259985475672,0.890107722101186,"[""PA2""]","[""PA2""]",0.0
"[""best_model"", ""epoch_20"", ""final_model""]",16,20,0.9925925925925926,0.9560904471630097,0.9688174576809602,0.9925916779849363,0.9688174576809602,16384,,"[""best_model"", ""epoch_20"", ""final_model""]",,results_pa_confmanifold_refined/21-59_04-29-26_ref_base_ls000_unkPA3_c16384_seed0/config.json,,open_conf,0.0,200,,,True,True,True,0.0005,0.0004651924696496356,35,results_pa_confmanifold_refined/21-59_04-29-26_ref_base_ls000_unkPA3_c16384_seed0/history.json,0.5325930160189432,0.04566376569961745,35,0.9962962962962963,0.9925925925925926,35,0.9560904471630097,0.8639058590687607,35,0.9688174576809602,0.915380691679472,35,0.17526159805280192,0.014685030541969119,35,0.9962961819809254,0.9925916779849363,35,"[""PA2"", ""PA4"", ""PA8""]",0.0,0.1,0.0005,0.3,val_macro_f1,3,,dqn_proxy_softmax3,,,,results_pa_confmanifold_refined,results_pa_confmanifold_refined/21-59_04-29-26_ref_base_ls000_unkPA3_c16384_seed0,ref_base_ls000_unkPA3_c16384_seed0,cosine,0,pilot_noisy_torch,digital,open_pa,results_pa_confmanifold_refined/21-59_04-29-26_ref_base_ls000_unkPA3_c16384_seed0/summary.json,pa,0.9606697901233308,0.9742507125145186,0.8913398692810456,0.9546296296296296,0.9263173565722583,0.9962962962962963,0.9962961819809254,0.8821677559912853,0.9511619462599853,0.9522875816993464,0.9526930525296536,"[""PA3""]","[""PA3""]",0.0
"[""best_model"", ""final_model""]",16,2,0.9333333333333333,0.8401287914954593,0.8844244288611705,0.933068783068783,0.8844244288611705,16384,,"[""best_model"", ""final_model""]",,results_pa_confmanifold_refined/22-02_04-29-26_ref_base_ls000_unkPA4_c16384_seed0/config.json,,open_conf,0.0,200,,,True,True,True,0.0005,0.0004921473611241011,17,results_pa_confmanifold_refined/22-02_04-29-26_ref_base_ls000_unkPA4_c16384_seed0/history.json,0.6398590261027927,0.10055211000735798,17,0.9962962962962963,0.9814814814814815,17,0.8401287914954593,0.6955274363383952,17,0.8844244288611705,0.6104693206392882,17,0.28018815738183483,0.04722979129464538,17,0.9962961819809254,0.9814671814671815,17,"[""PA2"", ""PA3"", ""PA8""]",0.0,0.1,0.0005,0.3,val_macro_f1,2,,dqn_proxy_softmax3,,,,results_pa_confmanifold_refined,results_pa_confmanifold_refined/22-02_04-29-26_ref_base_ls000_unkPA4_c16384_seed0,ref_base_ls000_unkPA4_c16384_seed0,cosine,0,pilot_noisy_torch,digital,open_pa,results_pa_confmanifold_refined/22-02_04-29-26_ref_base_ls000_unkPA4_c16384_seed0/summary.json,pa,0.8364442777709463,0.874348181366432,0.8861002178649238,0.8636964415395787,0.7852490922294844,0.8925925925925926,0.8909771902178713,0.4660566448801743,0.8524400871459694,0.8579520697167756,0.8580295328007747,"[""PA4""]","[""PA4""]",0.0
"[""best_model"", ""epoch_20"", ""final_model""]",16,10,0.9925925925925926,0.9622223192707156,0.9844503005004223,0.9925916779849363,0.9844503005004223,16384,,"[""best_model"", ""epoch_20"", ""final_model""]",,results_pa_confmanifold_refined/22-04_04-29-26_ref_base_ls000_unkPA8_c16384_seed0/config.json,,open_conf,0.0,200,,,True,True,True,0.0005,0.0004824476326477683,25,results_pa_confmanifold_refined/22-04_04-29-26_ref_base_ls000_unkPA8_c16384_seed0/history.json,0.3981161128433924,0.035303061153917084,25,0.9925925925925926,0.9925925925925926,25,0.9622223192707156,0.8645728298170863,25,0.9844503005004223,0.8930693624782365,25,0.09418591100860525,0.049323367039431576,25,0.9925916779849363,0.9925916779849363,25,"[""PA2"", ""PA3"", ""PA4""]",0.0,0.1,0.0005,0.3,val_macro_f1,3,,dqn_proxy_softmax3,,,,results_pa_confmanifold_refined,results_pa_confmanifold_refined/22-04_04-29-26_ref_base_ls000_unkPA8_c16384_seed0,ref_base_ls000_unkPA8_c16384_seed0,cosine,0,pilot_noisy_torch,digital,open_pa,results_pa_confmanifold_refined/22-04_04-29-26_ref_base_ls000_unkPA8_c16384_seed0/summary.json,pa,0.9643899473082,0.9870123035837699,0.9289469862018881,0.9901670297748728,0.9440406681190995,0.9851851851851852,0.9851778656126483,0.8247058823529411,0.9866521423384168,0.9897312999273784,0.9888501573468894,"[""PA8""]","[""PA8""]",0.0
"[""best_model"", ""final_model""]",16,1,0.9666666666666667,0.8491525685917061,0.8636117426179528,0.9668525668525669,0.8636117426179528,16384,,"[""best_model"", ""final_model""]",,results_pa_confmanifold_refined/22-06_04-29-26_ref_base_drop040_unkPA2_c16384_seed0/config.json,,open_conf,0.0,200,,,True,True,True,0.0005,0.000493093861603399,16,results_pa_confmanifold_refined/22-06_04-29-26_ref_base_drop040_unkPA2_c16384_seed0/history.json,0.7088454580496228,0.35023807902184745,16,0.9925925925925926,0.9925925925925926,16,0.8491525685917061,0.7780035338093688,16,0.8636117426179528,0.7346397392545458,16,0.188728768074954,0.10962931822847437,16,0.9925916779849363,0.9925916779849363,16,"[""PA3"", ""PA4"", ""PA8""]",0.1,0.1,0.0005,0.4,val_macro_f1,2,,dqn_proxy_softmax3,,,,results_pa_confmanifold_refined,results_pa_confmanifold_refined/22-06_04-29-26_ref_base_drop040_unkPA2_c16384_seed0,ref_base_drop040_unkPA2_c16384_seed0,cosine,0,pilot_noisy_torch,digital,open_pa,results_pa_confmanifold_refined/22-06_04-29-26_ref_base_drop040_unkPA2_c16384_seed0/summary.json,pa,0.8631561156480712,0.8791485341534431,0.7623674655047205,0.78239651416122,0.756244008714597,0.9851851851851852,0.9851826545337173,0.6652723311546842,0.7878576615831517,0.7833260711692085,0.7845267489711935,"[""PA2""]","[""PA2""]",0.0
"[""best_model"", ""epoch_20"", ""final_model""]",16,16,0.9962962962962963,0.9451043446213875,0.9883373409866073,0.9962961819809254,0.9883373409866073,16384,,"[""best_model"", ""epoch_20"", ""final_model""]",,results_pa_confmanifold_refined/22-07_04-29-26_ref_base_drop040_unkPA3_c16384_seed0/config.json,,open_conf,0.0,200,,,True,True,True,0.0005,0.00047275708072088237,31,results_pa_confmanifold_refined/22-07_04-29-26_ref_base_drop040_unkPA3_c16384_seed0/history.json,0.7646117435561286,0.34106913104889885,31,1.0,0.9777777777777777,31,0.9706622405271491,0.8724341046463109,31,0.9883373409866073,0.8894087790716426,31,0.2902257608042823,0.13772322414097962,31,1.0,0.9777750339548094,31,"[""PA2"", ""PA4"", ""PA8""]",0.1,0.1,0.0005,0.4,val_macro_f1,3,,dqn_proxy_softmax3,,,,results_pa_confmanifold_refined,results_pa_confmanifold_refined/22-07_04-29-26_ref_base_drop040_unkPA3_c16384_seed0,ref_base_drop040_unkPA3_c16384_seed0,cosine,0,pilot_noisy_torch,digital,open_pa,results_pa_confmanifold_refined/22-07_04-29-26_ref_base_drop040_unkPA3_c16384_seed0/summary.json,pa,0.9447427441256526,0.9880139822621365,0.9654030501089325,0.9791757443718229,0.8925388525780683,1.0,1.0,0.5687763253449529,0.9741067538126361,0.9752323892519971,0.9761716291454854,"[""PA3""]","[""PA3""]",0.0
"[""best_model"", ""epoch_20"", ""final_model""]",16,7,0.9925925925925926,0.8656392252479264,0.9512792679844149,0.9925916779849363,0.9512792679844149,16384,,"[""best_model"", ""epoch_20"", ""final_model""]",,results_pa_confmanifold_refined/22-09_04-29-26_ref_base_drop040_unkPA4_c16384_seed0/config.json,,open_conf,0.0,200,,,True,True,True,0.0005,0.00048652403543894486,22,results_pa_confmanifold_refined/22-09_04-29-26_ref_base_drop040_unkPA4_c16384_seed0/history.json,0.7594357185893589,0.3614948000226702,22,0.9962962962962963,0.9777777777777777,22,0.8656392252479264,0.7449032799426567,22,0.9512792679844149,0.7903896521301895,22,0.27002604912828515,0.11422427771268068,22,0.9962961819809254,0.9777530589543938,22,"[""PA2"", ""PA3"", ""PA8""]",0.1,0.1,0.0005,0.4,val_macro_f1,3,,dqn_proxy_softmax3,,,,results_pa_confmanifold_refined,results_pa_confmanifold_refined/22-09_04-29-26_ref_base_drop040_unkPA4_c16384_seed0,ref_base_drop040_unkPA4_c16384_seed0,cosine,0,pilot_noisy_torch,digital,open_pa,results_pa_confmanifold_refined/22-09_04-29-26_ref_base_drop040_unkPA4_c16384_seed0/summary.json,pa,0.8711278207634714,0.9520860979904003,0.6292737835875092,0.9100798838053741,0.761684822076979,0.9962962962962963,0.9962961819809254,0.44963689179375455,0.9071387073347856,0.9122948438634713,0.909837811667877,"[""PA4""]","[""PA4""]",0.0
"[""best_model"", ""epoch_20"", ""final_model""]",16,22,0.9925925925925926,0.9309022047689293,0.9741579860091094,0.9925916779849363,0.9741579860091094,16384,,"[""best_model"", ""epoch_20"", ""final_model""]",,results_pa_confmanifold_refined/22-11_04-29-26_ref_base_drop040_unkPA8_c16384_seed0/config.json,,open_conf,0.0,200,,,True,True,True,0.0005,0.00046108976497922854,37,results_pa_confmanifold_refined/22-11_04-29-26_ref_base_drop040_unkPA8_c16384_seed0/history.json,0.6141655108285329,0.3162974622514513,37,0.9925925925925926,0.9925925925925926,37,0.9574672235773743,0.8573241730958494,37,0.9741579860091094,0.9104268662470276,37,0.1483477908152121,0.09354838397767809,37,0.9925916779849363,0.9925916779849363,37,"[""PA2"", ""PA3"", ""PA4""]",0.1,0.1,0.0005,0.4,val_macro_f1,3,,dqn_proxy_softmax3,,,,results_pa_confmanifold_refined,results_pa_confmanifold_refined/22-11_04-29-26_ref_base_drop040_unkPA8_c16384_seed0,ref_base_drop040_unkPA8_c16384_seed0,cosine,0,pilot_noisy_torch,digital,open_pa,results_pa_confmanifold_refined/22-11_04-29-26_ref_base_drop040_unkPA8_c16384_seed0/summary.json,pa,0.9342179258031086,0.9775302007904667,0.8632897603485838,0.9682861292665212,0.8858939724037762,0.9851851851851852,0.9851778656126483,0.6563543936092955,0.9730065359477124,0.9685330428467682,0.9699419026870005,"[""PA8""]","[""PA8""]",0.0
"[""best_model"", ""epoch_20"", ""epoch_50"", ""final_model""]",16,37,0.9925925925925926,0.9082055433348193,0.9245047718543424,0.9925916779849363,0.9245047718543424,16384,,"[""best_model"", ""epoch_20"", ""epoch_50"", ""final_model""]",,results_pa_confmanifold_refined/22-14_04-29-26_ref_base_drop050_unkPA2_c16384_seed0/config.json,,open_conf,0.0,200,,,True,True,True,0.0005,0.0004239934035082488,52,results_pa_confmanifold_refined/22-14_04-29-26_ref_base_drop050_unkPA2_c16384_seed0/history.json,0.7262084880518535,0.32618225652074057,52,0.9925925925925926,0.9925925925925926,52,0.9082055433348193,0.8146711726812893,52,0.9245047718543424,0.8113156081996902,52,0.19109171319890905,0.11962830004868684,52,0.9925916779849363,0.9925916779849363,52,"[""PA3"", ""PA4"", ""PA8""]",0.1,0.1,0.0005,0.5,val_macro_f1,4,,dqn_proxy_softmax3,,,,results_pa_confmanifold_refined,results_pa_confmanifold_refined/22-14_04-29-26_ref_base_drop050_unkPA2_c16384_seed0,ref_base_drop050_unkPA2_c16384_seed0,cosine,0,pilot_noisy_torch,digital,open_pa,results_pa_confmanifold_refined/22-14_04-29-26_ref_base_drop050_unkPA2_c16384_seed0/summary.json,pa,0.9148929757255514,0.9331862958533589,0.8448002904865651,0.8731009440813362,0.8401408859840233,0.9962962962962963,0.9962961819809254,0.7336819172113289,0.8758024691358025,0.8733188090050835,0.8740740740740741,"[""PA2""]","[""PA2""]",0.0
"[""best_model"", ""epoch_20"", ""final_model""]",16,22,0.9888888888888889,0.9342786218307024,0.9826373347717066,0.9888858016115588,0.9826373347717066,16384,,"[""best_model"", ""epoch_20"", ""final_model""]",,results_pa_confmanifold_refined/22-18_04-29-26_ref_base_drop050_unkPA3_c16384_seed0/config.json,,open_conf,0.0,200,,,True,True,True,0.0005,0.00046108976497922854,37,results_pa_confmanifold_refined/22-18_04-29-26_ref_base_drop050_unkPA3_c16384_seed0/history.json,0.7907060524773977,0.3468420353200701,37,1.0,0.9777777777777777,37,0.952300657990887,0.780944270308213,37,0.9826373347717066,0.7856201584348285,37,0.22924708790249296,0.13070862580228734,37,1.0,0.9777530589543938,37,"[""PA2"", ""PA4"", ""PA8""]",0.1,0.1,0.0005,0.5,val_macro_f1,3,,dqn_proxy_softmax3,,,,results_pa_confmanifold_refined,results_pa_confmanifold_refined/22-18_04-29-26_ref_base_drop050_unkPA3_c16384_seed0,ref_base_drop050_unkPA3_c16384_seed0,cosine,0,pilot_noisy_torch,digital,open_pa,results_pa_confmanifold_refined/22-18_04-29-26_ref_base_drop050_unkPA3_c16384_seed0/summary.json,pa,0.916815563204796,0.9753997190769093,0.9010130718954248,0.9666412490922294,0.8499978213507624,0.9888888888888889,0.9888858016115588,0.46268336964415396,0.9580065359477123,0.9616448801742921,0.9620975550714114,"[""PA3""]","[""PA3""]",0.0
"[""best_model"", ""epoch_20"", ""final_model""]",16,28,1.0,0.883050269111435,0.9601740240074197,1.0,0.9601740240074197,16384,,"[""best_model"", ""epoch_20"", ""final_model""]",,results_pa_confmanifold_refined/22-21_04-29-26_ref_base_drop050_unkPA4_c16384_seed0/config.json,,open_conf,0.0,200,,,True,True,True,0.0005,0.00044754924534330366,43,results_pa_confmanifold_refined/22-21_04-29-26_ref_base_drop050_unkPA4_c16384_seed0/history.json,0.8083128323630681,0.3391304548770662,43,1.0,0.9925925925925926,43,0.8884238439915875,0.7459310140400186,43,0.9601740240074197,0.7216174880577964,43,0.3576355342511778,0.13214424981011286,43,1.0,0.9925916779849363,43,"[""PA2"", ""PA3"", ""PA8""]",0.1,0.1,0.0005,0.5,val_macro_f1,3,,dqn_proxy_softmax3,,,,results_pa_confmanifold_refined,results_pa_confmanifold_refined/22-21_04-29-26_ref_base_drop050_unkPA4_c16384_seed0,ref_base_drop050_unkPA4_c16384_seed0,cosine,0,pilot_noisy_torch,digital,open_pa,results_pa_confmanifold_refined/22-21_04-29-26_ref_base_drop050_unkPA4_c16384_seed0/summary.json,pa,0.9029516675164476,0.9753336455616658,0.5041830065359477,0.9352723311546841,0.8153217138707334,1.0,1.0,0.7185984023238925,0.9567320261437908,0.9618228031953523,0.951275720164609,"[""PA4""]","[""PA4""]",0.0
"[""best_model"", ""final_model""]",16,1,0.9814814814814815,0.960260024227263,0.9697505324089558,0.9814809099046267,0.9697505324089558,16384,,"[""best_model"", ""final_model""]",,results_pa_confmanifold_refined/22-25_04-29-26_ref_base_drop050_unkPA8_c16384_seed0/config.json,,open_conf,0.0,200,,,True,True,True,0.0005,0.000493093861603399,16,results_pa_confmanifold_refined/22-25_04-29-26_ref_base_drop050_unkPA8_c16384_seed0/history.json,0.6639379258193667,0.34926130033674696,16,0.9925925925925926,0.9925925925925926,16,0.9606653501360342,0.8518294899792751,16,0.9697505324089558,0.8408089688214342,16,0.14084720192132172,0.10279765570605243,16,0.9925916779849363,0.9925916779849363,16,"[""PA2"", ""PA3"", ""PA4""]",0.1,0.1,0.0005,0.5,val_macro_f1,2,,dqn_proxy_softmax3,,,,results_pa_confmanifold_refined,results_pa_confmanifold_refined/22-25_04-29-26_ref_base_drop050_unkPA8_c16384_seed0,ref_base_drop050_unkPA8_c16384_seed0,cosine,0,pilot_noisy_torch,digital,open_pa,results_pa_confmanifold_refined/22-25_04-29-26_ref_base_drop050_unkPA8_c16384_seed0/summary.json,pa,0.9714106768144743,0.9810552525176278,0.9814161220043573,0.9777414669571534,0.9578358750907772,0.9851851851851852,0.9851778656126483,0.8769135802469135,0.9755628177196805,0.9775453885257808,0.9769498910675383,"[""PA8""]","[""PA8""]",0.0
"[""best_model"", ""epoch_20"", ""final_model""]",16,8,0.9925925925925926,0.9189345211846482,0.9312263237874092,0.9925916779849363,0.9312263237874092,16384,,"[""best_model"", ""epoch_20"", ""final_model""]",,results_pa_confmanifold_refined/22-26_04-29-26_ref_base_ent002_unkPA2_c16384_seed0/config.json,,open_conf,0.02,200,,,True,True,True,0.0005,0.00048522314820010856,23,results_pa_confmanifold_refined/22-26_04-29-26_ref_base_ent002_unkPA2_c16384_seed0/history.json,0.6468380594064319,0.33754471795899527,23,0.9925925925925926,0.9925925925925926,23,0.9189345211846482,0.6961692829911992,23,0.9312263237874092,0.6716654350690747,23,0.16805844240718418,0.10141469085658038,23,0.9925916779849363,0.9925916779849363,23,"[""PA3"", ""PA4"", ""PA8""]",0.1,0.1,0.0005,0.3,val_macro_f1,3,,dqn_proxy_softmax3,,,,results_pa_confmanifold_refined,results_pa_confmanifold_refined/22-26_04-29-26_ref_base_ent002_unkPA2_c16384_seed0,ref_base_ent002_unkPA2_c16384_seed0,cosine,0,pilot_noisy_torch,digital,open_pa,results_pa_confmanifold_refined/22-26_04-29-26_ref_base_ent002_unkPA2_c16384_seed0/summary.json,pa,0.9366162516725354,0.9509670645781042,0.9284241103848947,0.9165940450254175,0.8805112563543936,0.9962962962962963,0.9962961819809254,0.7510312273057371,0.8944226579520698,0.912084241103849,0.9077003146937788,"[""PA2""]","[""PA2""]",0.0
"[""best_model"", ""epoch_20"", ""final_model""]",16,19,0.9888888888888889,0.9443464001396893,0.9920569311952365,0.9888858016115588,0.9920569311952365,16384,,"[""best_model"", ""epoch_20"", ""final_model""]",,results_pa_confmanifold_refined/22-28_04-29-26_ref_base_ent002_unkPA3_c16384_seed0/config.json,,open_conf,0.02,200,,,True,True,True,0.0005,0.00046716444703382576,34,results_pa_confmanifold_refined/22-28_04-29-26_ref_base_ent002_unkPA3_c16384_seed0/history.json,0.7492361053587898,0.3515057259135776,34,1.0,0.9925925925925926,34,0.9519749867494057,0.8490857337404583,34,0.9920569311952365,0.9016326575794137,34,0.2314079992197178,0.07260920322603649,34,1.0,0.9925916779849363,34,"[""PA2"", ""PA4"", ""PA8""]",0.1,0.1,0.0005,0.3,val_macro_f1,3,,dqn_proxy_softmax3,,,,results_pa_confmanifold_refined,results_pa_confmanifold_refined/22-28_04-29-26_ref_base_ent002_unkPA3_c16384_seed0,ref_base_ent002_unkPA3_c16384_seed0,cosine,0,pilot_noisy_torch,digital,open_pa,results_pa_confmanifold_refined/22-28_04-29-26_ref_base_ent002_unkPA3_c16384_seed0/summary.json,pa,0.9371601744716559,0.9858279869607607,0.9609114015976762,0.9827414669571531,0.8848242556281771,0.9925925925925926,0.9925916779849363,0.525878721859114,0.9757697893972404,0.9788198983297023,0.9791103848946986,"[""PA3""]","[""PA3""]",0.0
"[""best_model"", ""epoch_20"", ""final_model""]",16,18,0.9925925925925926,0.8663863836398896,0.9613221277406563,0.9925916779849363,0.9613221277406563,16384,,"[""best_model"", ""epoch_20"", ""final_model""]",,results_pa_confmanifold_refined/22-31_04-29-26_ref_base_ent002_unkPA4_c16384_seed0/config.json,,open_conf,0.02,200,,,True,True,True,0.0005,0.00046908285467696354,33,results_pa_confmanifold_refined/22-31_04-29-26_ref_base_ent002_unkPA4_c16384_seed0/history.json,0.753769962939005,0.34529585923467365,33,1.0,0.9851851851851852,33,0.8843773005951346,0.6849197104380839,33,0.9613221277406563,0.6520866664820216,33,0.27928399289095845,0.11611790778460326,33,1.0,0.9851778656126481,33,"[""PA2"", ""PA3"", ""PA8""]",0.1,0.1,0.0005,0.3,val_macro_f1,3,,dqn_proxy_softmax3,,,,results_pa_confmanifold_refined,results_pa_confmanifold_refined/22-31_04-29-26_ref_base_ent002_unkPA4_c16384_seed0,ref_base_ent002_unkPA4_c16384_seed0,cosine,0,pilot_noisy_torch,digital,open_pa,results_pa_confmanifold_refined/22-31_04-29-26_ref_base_ent002_unkPA4_c16384_seed0/summary.json,pa,0.8793309663821892,0.9759861779799155,0.569273783587509,0.9458605664488018,0.7732229484386347,1.0,1.0,0.4391938997821351,0.9555410312273058,0.9562454611474219,0.9525490196078432,"[""PA4""]","[""PA4""]",0.0
"[""best_model"", ""epoch_20"", ""final_model""]",16,10,0.9925925925925926,0.8979130970191612,0.974859903397833,0.9925916779849363,0.974859903397833,16384,,"[""best_model"", ""epoch_20"", ""final_model""]",,results_pa_confmanifold_refined/22-33_04-29-26_ref_base_ent002_unkPA8_c16384_seed0/config.json,,open_conf,0.02,200,,,True,True,True,0.0005,0.0004824476326477683,25,results_pa_confmanifold_refined/22-33_04-29-26_ref_base_ent002_unkPA8_c16384_seed0/history.json,0.5780481630847567,0.32463037021576413,25,0.9925925925925926,0.9925925925925926,25,0.9395699918299462,0.8485497429465678,25,0.974859903397833,0.9064405460552111,25,0.14187643108544526,0.08495514635686521,25,0.9925916779849363,0.9925916779849363,25,"[""PA2"", ""PA3"", ""PA4""]",0.1,0.1,0.0005,0.3,val_macro_f1,3,,dqn_proxy_softmax3,,,,results_pa_confmanifold_refined,results_pa_confmanifold_refined/22-33_04-29-26_ref_base_ent002_unkPA8_c16384_seed0,ref_base_ent002_unkPA8_c16384_seed0,cosine,0,pilot_noisy_torch,digital,open_pa,results_pa_confmanifold_refined/22-33_04-29-26_ref_base_ent002_unkPA8_c16384_seed0/summary.json,pa,0.9257910148255,0.9782435410014985,0.8266085693536673,0.9690631808278867,0.8699840232389253,0.9851851851851852,0.9851778656126483,0.6092374727668846,0.9753086419753086,0.9697022512708787,0.9713580246913581,"[""PA8""]","[""PA8""]",0.0
"[""best_model"", ""epoch_20"", ""final_model""]",16,13,0.9925925925925926,0.9095602223765115,0.9570945001988755,0.9925916779849363,0.9570945001988755,16384,,"[""best_model"", ""epoch_20"", ""final_model""]",,results_pa_confmanifold_refined/22-35_04-29-26_ref_base_ent005_unkPA2_c16384_seed0/config.json,,open_conf,0.05,200,,,True,True,True,0.0005,0.00047785524899502936,28,results_pa_confmanifold_refined/22-35_04-29-26_ref_base_ent005_unkPA2_c16384_seed0/history.json,0.6511639309307885,0.3423421812435937,28,0.9925925925925926,0.9925925925925926,28,0.9095602223765115,0.7305864781021789,28,0.9570945001988755,0.6259596513409702,28,0.21670448007407012,0.0916351017024782,28,0.9925916779849363,0.9925916779849363,28,"[""PA3"", ""PA4"", ""PA8""]",0.1,0.1,0.0005,0.3,val_macro_f1,3,,dqn_proxy_softmax3,,,,results_pa_confmanifold_refined,results_pa_confmanifold_refined/22-35_04-29-26_ref_base_ent005_unkPA2_c16384_seed0,ref_base_ent005_unkPA2_c16384_seed0,cosine,0,pilot_noisy_torch,digital,open_pa,results_pa_confmanifold_refined/22-35_04-29-26_ref_base_ent005_unkPA2_c16384_seed0/summary.json,pa,0.9140380823384511,0.9693387007814634,0.8781408859840232,0.9439578794480755,0.8385715323166304,0.9962962962962963,0.9962961819809254,0.48538489469862023,0.9417356572258533,0.9436383442265796,0.9431106269668361,"[""PA2""]","[""PA2""]",0.0
"[""best_model"", ""epoch_20"", ""final_model""]",16,30,0.9962962962962963,0.9470454081660028,0.9898231150266772,0.9962961819809254,0.9898231150266772,16384,,"[""best_model"", ""epoch_20"", ""final_model""]",,results_pa_confmanifold_refined/22-38_04-29-26_ref_base_ent005_unkPA3_c16384_seed0/config.json,,open_conf,0.05,200,,,True,True,True,0.0005,0.00044263978503180843,45,results_pa_confmanifold_refined/22-38_04-29-26_ref_base_ent005_unkPA3_c16384_seed0/history.json,0.7499006027267092,0.34714829391903346,45,1.0,0.9888888888888889,45,0.9731259607453652,0.8831040364858556,45,0.9898231150266772,0.9443235689331622,45,0.24315980716987892,0.08781160673609487,45,1.0,0.9888858016115588,45,"[""PA2"", ""PA4"", ""PA8""]",0.1,0.1,0.0005,0.3,val_macro_f1,3,,dqn_proxy_softmax3,,,,results_pa_confmanifold_refined,results_pa_confmanifold_refined/22-38_04-29-26_ref_base_ent005_unkPA3_c16384_seed0,ref_base_ent005_unkPA3_c16384_seed0,cosine,0,pilot_noisy_torch,digital,open_pa,results_pa_confmanifold_refined/22-38_04-29-26_ref_base_ent005_unkPA3_c16384_seed0/summary.json,pa,0.9442066258857856,0.9876901809230246,0.9888852578068263,0.9886310820624546,0.901546114742193,0.9888888888888889,0.9888858016115588,0.5593572984749455,0.9849491648511257,0.9859077705156136,0.9864960058097313,"[""PA3""]","[""PA3""]",0.0
"[""best_model"", ""final_model""]",16,3,0.9666666666666667,0.8409979229221463,0.9196810246470691,0.9668557912321005,0.9196810246470691,16384,,"[""best_model"", ""final_model""]",,results_pa_confmanifold_refined/22-41_04-29-26_ref_base_ent005_unkPA4_c16384_seed0/config.json,,open_conf,0.05,200,,,True,True,True,0.0005,0.0004911411267435264,18,results_pa_confmanifold_refined/22-41_04-29-26_ref_base_ent005_unkPA4_c16384_seed0/history.json,0.7201271772384643,0.3640429371879214,18,0.9962962962962963,0.9703703703703703,18,0.8572412567410358,0.7193233948541362,18,0.9196810246470691,0.7441724410290039,18,0.308655399746365,0.11735923886299134,18,0.9962961819809254,0.9703117268678872,18,"[""PA2"", ""PA3"", ""PA8""]",0.1,0.1,0.0005,0.3,val_macro_f1,2,,dqn_proxy_softmax3,,,,results_pa_confmanifold_refined,results_pa_confmanifold_refined/22-41_04-29-26_ref_base_ent005_unkPA4_c16384_seed0,ref_base_ent005_unkPA4_c16384_seed0,cosine,0,pilot_noisy_torch,digital,open_pa,results_pa_confmanifold_refined/22-41_04-29-26_ref_base_ent005_unkPA4_c16384_seed0/summary.json,pa,0.8672629393115039,0.9469510854421475,0.6365359477124182,0.9321205519244734,0.7807305737109658,0.9629629629629629,0.9633861299015565,0.4747276688453159,0.9255482933914307,0.9347204066811909,0.9307964173323651,"[""PA4""]","[""PA4""]",0.0
"[""best_model"", ""epoch_20"", ""final_model""]",16,10,0.9925925925925926,0.9847159346347232,0.9848180825312475,0.9925916779849363,0.9848180825312475,16384,,"[""best_model"", ""epoch_20"", ""final_model""]",,results_pa_confmanifold_refined/22-43_04-29-26_ref_base_ent005_unkPA8_c16384_seed0/config.json,,open_conf,0.05,200,,,True,True,True,0.0005,0.0004824476326477683,25,results_pa_confmanifold_refined/22-43_04-29-26_ref_base_ent005_unkPA8_c16384_seed0/history.json,0.6394773404749613,0.33533213687321495,25,0.9925925925925926,0.9925925925925926,25,0.9847159346347232,0.8841217800987999,25,0.9848180825312475,0.8877596801043163,25,0.12346306421138623,0.0826948572088171,25,0.9925916779849363,0.9925916779849363,25,"[""PA2"", ""PA3"", ""PA4""]",0.1,0.1,0.0005,0.3,val_macro_f1,3,,dqn_proxy_softmax3,,,,results_pa_confmanifold_refined,results_pa_confmanifold_refined/22-43_04-29-26_ref_base_ent005_unkPA8_c16384_seed0,ref_base_ent005_unkPA8_c16384_seed0,cosine,0,pilot_noisy_torch,digital,open_pa,results_pa_confmanifold_refined/22-43_04-29-26_ref_base_ent005_unkPA8_c16384_seed0/summary.json,pa,0.987758392658899,0.9885176702007821,0.9924691358024692,0.9919607843137256,0.9903456790123457,0.9851851851851852,0.9851778656126483,0.9836528685548294,0.991677559912854,0.9919680464778504,0.9918687969014767,"[""PA8""]","[""PA8""]",0.0
"[""best_model"", ""final_model""]",16,2,0.9851851851851852,0.9161718307985675,0.9143298003355821,0.9851851851851853,0.9143298003355821,16384,,"[""best_model"", ""final_model""]",,results_pa_confmanifold_refined/22-45_04-29-26_ref_base_ent010_unkPA2_c16384_seed0/config.json,,open_conf,0.1,200,,,True,True,True,0.0005,0.0004921473611241011,17,results_pa_confmanifold_refined/22-45_04-29-26_ref_base_ent010_unkPA2_c16384_seed0/history.json,0.7098753149547274,0.3656759877053518,17,0.9925925925925926,0.9925925925925926,17,0.9161718307985675,0.805192384008131,17,0.9143298003355821,0.8023640211006489,17,0.16865992744763691,0.08517069043936552,17,0.9925916779849363,0.9925916779849363,17,"[""PA3"", ""PA4"", ""PA8""]",0.1,0.1,0.0005,0.3,val_macro_f1,2,,dqn_proxy_softmax3,,,,results_pa_confmanifold_refined,results_pa_confmanifold_refined/22-45_04-29-26_ref_base_ent010_unkPA2_c16384_seed0,ref_base_ent010_unkPA2_c16384_seed0,cosine,0,pilot_noisy_torch,digital,open_pa,results_pa_confmanifold_refined/22-45_04-29-26_ref_base_ent010_unkPA2_c16384_seed0/summary.json,pa,0.9319100064523487,0.9309403070465037,0.8732970225127088,0.8694480755265069,0.8716848220769791,0.9962962962962963,0.9962961819809254,0.8755119825708062,0.870239651416122,0.8699273783587509,0.8698717017671266,"[""PA2""]","[""PA2""]",0.0
"[""best_model"", ""epoch_20"", ""epoch_50"", ""final_model""]",16,48,0.9962962962962963,0.9666938928755696,0.989843671460332,0.9962961819809254,0.989843671460332,16384,,"[""best_model"", ""epoch_20"", ""epoch_50"", ""final_model""]",,results_pa_confmanifold_refined/22-46_04-29-26_ref_base_ent010_unkPA3_c16384_seed0/config.json,,open_conf,0.1,200,,,True,True,True,0.0005,0.00039054274029413997,63,results_pa_confmanifold_refined/22-46_04-29-26_ref_base_ent010_unkPA3_c16384_seed0/history.json,0.7686648887301248,0.3472315895178961,63,1.0,0.9888888888888889,63,0.969216420206317,0.911436173477463,63,0.989843671460332,0.9570419481049104,63,0.20268373875706283,0.08861003131778152,63,1.0,0.9888858016115588,63,"[""PA2"", ""PA4"", ""PA8""]",0.1,0.1,0.0005,0.3,val_macro_f1,4,,dqn_proxy_softmax3,,,,results_pa_confmanifold_refined,results_pa_confmanifold_refined/22-46_04-29-26_ref_base_ent010_unkPA3_c16384_seed0,ref_base_ent010_unkPA3_c16384_seed0,cosine,0,pilot_noisy_torch,digital,open_pa,results_pa_confmanifold_refined/22-46_04-29-26_ref_base_ent010_unkPA3_c16384_seed0/summary.json,pa,0.965732667330917,0.9933343201795762,0.9669462599854757,0.9905119825708061,0.9361067538126363,0.9962962962962963,0.9962961819809254,0.7424437182280319,0.9902505446623093,0.9903812636165578,0.9903812636165578,"[""PA3""]","[""PA3""]",0.0
"[""best_model"", ""epoch_20"", ""final_model""]",16,19,0.9925925925925926,0.8937224132737219,0.9600328262651009,0.9925916779849363,0.9600328262651009,16384,,"[""best_model"", ""epoch_20"", ""final_model""]",,results_pa_confmanifold_refined/22-52_04-29-26_ref_base_ent010_unkPA4_c16384_seed0/config.json,,open_conf,0.1,200,,,True,True,True,0.0005,0.00046716444703382576,34,results_pa_confmanifold_refined/22-52_04-29-26_ref_base_ent010_unkPA4_c16384_seed0/history.json,0.8192557655629658,0.35918194859746905,34,1.0,1.0,34,0.8937224132737219,0.7560292632653713,34,0.9600328262651009,0.7818412371860473,34,0.29378718976621276,0.0585135412160997,34,1.0,1.0,34,"[""PA2"", ""PA3"", ""PA8""]",0.1,0.1,0.0005,0.3,val_macro_f1,3,,dqn_proxy_softmax3,,,,results_pa_confmanifold_refined,results_pa_confmanifold_refined/22-52_04-29-26_ref_base_ent010_unkPA4_c16384_seed0,ref_base_ent010_unkPA4_c16384_seed0,cosine,0,pilot_noisy_torch,digital,open_pa,results_pa_confmanifold_refined/22-52_04-29-26_ref_base_ent010_unkPA4_c16384_seed0/summary.json,pa,0.8930088397765574,0.9657774580151319,0.48615105301379813,0.9470225127087873,0.809458242556282,0.9851851851851852,0.9851833559698728,0.7208787218591142,0.9462091503267973,0.9470297748729122,0.9467538126361656,"[""PA4""]","[""PA4""]",0.0
"[""best_model"", ""epoch_20"", ""final_model""]",16,16,0.9925925925925926,0.9152886463529567,0.9694586319890793,0.9925916779849363,0.9694586319890793,16384,,"[""best_model"", ""epoch_20"", ""final_model""]",,results_pa_confmanifold_refined/22-54_04-29-26_ref_base_ent010_unkPA8_c16384_seed0/config.json,,open_conf,0.1,200,,,True,True,True,0.0005,0.00047275708072088237,31,results_pa_confmanifold_refined/22-54_04-29-26_ref_base_ent010_unkPA8_c16384_seed0/history.json,0.6421352106427389,0.34414996154724603,31,0.9925925925925926,0.9925925925925926,31,0.9345000829195913,0.8754642699539787,31,0.9694586319890793,0.9387787629974729,31,0.14679374738975806,0.07527598716594555,31,0.9925916779849363,0.9925916779849363,31,"[""PA2"", ""PA3"", ""PA4""]",0.1,0.1,0.0005,0.3,val_macro_f1,3,,dqn_proxy_softmax3,,,,results_pa_confmanifold_refined,results_pa_confmanifold_refined/22-54_04-29-26_ref_base_ent010_unkPA8_c16384_seed0,ref_base_ent010_unkPA8_c16384_seed0,cosine,0,pilot_noisy_torch,digital,open_pa,results_pa_confmanifold_refined/22-54_04-29-26_ref_base_ent010_unkPA8_c16384_seed0/summary.json,pa,0.9213297038164144,0.974902815779012,0.8148511256354394,0.9653376906318083,0.8616194625998548,0.9851851851851852,0.9851778656126483,0.599041394335512,0.9636165577342048,0.9652505446623094,0.9647349310094407,"[""PA8""]","[""PA8""]",0.0
"[""best_model"", ""epoch_20"", ""final_model""]",16,21,0.9925925925925926,0.8804825588971433,0.9611219166053894,0.9925916779849363,0.9611219166053894,16384,,"[""best_model"", ""epoch_20"", ""final_model""]",,results_pa_confmanifold_refined/22-57_04-29-26_ref_base_lr2e4_unkPA2_c16384_seed0/config.json,,open_conf,0.0,200,,,True,True,True,0.0002,0.00018527138442719148,36,results_pa_confmanifold_refined/22-57_04-29-26_ref_base_lr2e4_unkPA2_c16384_seed0/history.json,0.7385906051075648,0.33568069423948016,36,0.9925925925925926,0.9925925925925926,36,0.8804825588971433,0.7228627451639065,36,0.9611219166053894,0.7024123045859137,36,0.26843131714397006,0.08675385735653064,36,0.9925916779849363,0.9925916779849363,36,"[""PA3"", ""PA4"", ""PA8""]",0.1,0.1,0.0002,0.3,val_macro_f1,3,,dqn_proxy_softmax3,,,,results_pa_confmanifold_refined,results_pa_confmanifold_refined/22-57_04-29-26_ref_base_lr2e4_unkPA2_c16384_seed0,ref_base_lr2e4_unkPA2_c16384_seed0,cosine,0,pilot_noisy_torch,digital,open_pa,results_pa_confmanifold_refined/22-57_04-29-26_ref_base_lr2e4_unkPA2_c16384_seed0/summary.json,pa,0.8923298956708797,0.9809480501658789,0.7081917211328976,0.9663979665940451,0.7992127814088599,0.9962962962962963,0.9962961819809254,0.3903631082062455,0.9647930283224401,0.9663180827886709,0.965836359235052,"[""PA2""]","[""PA2""]",0.0
"[""best_model"", ""epoch_20"", ""epoch_50"", ""final_model""]",16,36,1.0,0.9484034667811317,0.9946875349480709,1.0,0.9946875349480709,16384,,"[""best_model"", ""epoch_20"", ""epoch_50"", ""final_model""]",,results_pa_confmanifold_refined/23-00_04-29-26_ref_base_lr2e4_unkPA3_c16384_seed0/config.json,,open_conf,0.0,200,,,True,True,True,0.0002,0.00017072532277959536,51,results_pa_confmanifold_refined/23-00_04-29-26_ref_base_lr2e4_unkPA3_c16384_seed0/history.json,0.7579093348412287,0.3279439700028253,51,1.0,1.0,51,0.96202247068779,0.9595330654561643,51,0.9946875349480709,0.9913099783877033,51,0.2377258206959124,0.0827818466005502,51,1.0,1.0,51,"[""PA2"", ""PA4"", ""PA8""]",0.1,0.1,0.0002,0.3,val_macro_f1,4,,dqn_proxy_softmax3,,,,results_pa_confmanifold_refined,results_pa_confmanifold_refined/23-00_04-29-26_ref_base_lr2e4_unkPA3_c16384_seed0,ref_base_lr2e4_unkPA3_c16384_seed0,cosine,0,pilot_noisy_torch,digital,open_pa,results_pa_confmanifold_refined/23-00_04-29-26_ref_base_lr2e4_unkPA3_c16384_seed0/summary.json,pa,0.9421506271435541,0.9921597170382372,0.9780573710965869,0.9882171387073349,0.8909477124183006,0.9962962962962963,0.9962961819809254,0.5125599128540305,0.9877814088598402,0.988122730573711,0.988040426046962,"[""PA3""]","[""PA3""]",0.0
"[""best_model"", ""epoch_20"", ""final_model""]",16,20,0.9888888888888889,0.93174248914679,0.974857805924011,0.9888858016115588,0.974857805924011,16384,,"[""best_model"", ""epoch_20"", ""final_model""]",,results_pa_confmanifold_refined/23-04_04-29-26_ref_base_lr2e4_unkPA4_c16384_seed0/config.json,,open_conf,0.0,200,,,True,True,True,0.0002,0.00018608116559904413,35,results_pa_confmanifold_refined/23-04_04-29-26_ref_base_lr2e4_unkPA4_c16384_seed0/history.json,0.7928114338526651,0.33781021341444956,35,1.0,1.0,35,0.93174248914679,0.8231226301089838,35,0.974857805924011,0.8910621580716606,35,0.36425705243040013,0.08237850395617662,35,1.0,1.0,35,"[""PA2"", ""PA3"", ""PA8""]",0.1,0.1,0.0002,0.3,val_macro_f1,3,,dqn_proxy_softmax3,,,,results_pa_confmanifold_refined,results_pa_confmanifold_refined/23-04_04-29-26_ref_base_lr2e4_unkPA4_c16384_seed0,ref_base_lr2e4_unkPA4_c16384_seed0,cosine,0,pilot_noisy_torch,digital,open_pa,results_pa_confmanifold_refined/23-04_04-29-26_ref_base_lr2e4_unkPA4_c16384_seed0/summary.json,pa,0.9235980902034866,0.9807752497640551,0.8252432824981845,0.9709803921568627,0.8594001452432826,0.9925925925925926,0.9925916779849363,0.5644589687726943,0.9681481481481483,0.9681699346405229,0.9690994916485113,"[""PA4""]","[""PA4""]",0.0
"[""best_model"", ""final_model""]",16,4,0.9814814814814815,0.9401599256887396,0.9738576485849262,0.9814809099046267,0.9738576485849262,16384,,"[""best_model"", ""final_model""]",,results_pa_confmanifold_refined/23-07_04-29-26_ref_base_lr2e4_unkPA8_c16384_seed0/config.json,,open_conf,0.0,200,,,True,True,True,0.0002,0.00019603135388341042,19,results_pa_confmanifold_refined/23-07_04-29-26_ref_base_lr2e4_unkPA8_c16384_seed0/history.json,0.6478041567499675,0.3377093865757897,19,0.9925925925925926,0.9925925925925926,19,0.9401599256887396,0.8902444860387183,19,0.9738576485849262,0.942115969014985,19,0.16467188596725463,0.09459571485166196,19,0.9925916779849363,0.9925916779849363,19,"[""PA2"", ""PA3"", ""PA4""]",0.1,0.1,0.0002,0.3,val_macro_f1,2,,dqn_proxy_softmax3,,,,results_pa_confmanifold_refined,results_pa_confmanifold_refined/23-07_04-29-26_ref_base_lr2e4_unkPA8_c16384_seed0,ref_base_lr2e4_unkPA8_c16384_seed0,cosine,0,pilot_noisy_torch,digital,open_pa,results_pa_confmanifold_refined/23-07_04-29-26_ref_base_lr2e4_unkPA8_c16384_seed0/summary.json,pa,0.9521019595624514,0.9889976496756306,0.9108424110384895,0.9943355119825708,0.9201365286855483,0.9851851851851852,0.9851778656126483,0.7113435003631083,0.9897966594045026,0.9943645606390704,0.9928322440087145,"[""PA8""]","[""PA8""]",0.0
"[""best_model"", ""epoch_20"", ""final_model""]",16,33,0.9925925925925926,0.8538534963729084,0.8670544752823528,0.9925916779849363,0.8670544752823528,16384,,"[""best_model"", ""epoch_20"", ""final_model""]",,results_pa_confmanifold_refined/23-08_04-29-26_ref_pms_ctrl_unkPA2_c16384_seed0/config.json,,open_conf,0.05,200,,1.0,True,True,True,0.0001,2.5e-05,48,results_pa_confmanifold_refined/23-08_04-29-26_ref_pms_ctrl_unkPA2_c16384_seed0/history.json,0.9988987298238845,0.25141701915907483,48,0.9925925925925926,0.9925925925925926,48,0.8546871791876283,0.7108906738731424,48,0.8670544752823528,0.6460463003873597,48,0.35087811637807775,0.055089675938641586,48,0.9925916779849363,0.9925916779849363,48,"[""PA3"", ""PA4"", ""PA8""]",0.05,0.1,0.0001,0.5,val_macro_f1,3,,dqn_proxy_softmax3,,,,results_pa_confmanifold_refined,results_pa_confmanifold_refined/23-08_04-29-26_ref_pms_ctrl_unkPA2_c16384_seed0,ref_pms_ctrl_unkPA2_c16384_seed0,plateau,0,pilot_noisy_torch,digital,open_pa,results_pa_confmanifold_refined/23-08_04-29-26_ref_pms_ctrl_unkPA2_c16384_seed0/summary.json,pa,0.87819712902222,0.8964854462832458,0.7744880174291939,0.8116557734204792,0.7740973129992738,0.9962962962962963,0.9962961819809254,0.6759767610748003,0.7997893972403777,0.8085766158315177,0.8066739288307915,"[""PA2""]","[""PA2""]",0.0001
"[""best_model"", ""epoch_20"", ""final_model""]",16,33,0.9962962962962963,0.9625903837633015,0.9887328216422232,0.9962961819809254,0.9887328216422232,16384,,"[""best_model"", ""epoch_20"", ""final_model""]",,results_pa_confmanifold_refined/23-12_04-29-26_ref_pms_ctrl_unkPA3_c16384_seed0/config.json,,open_conf,0.05,200,,1.0,True,True,True,0.0001,2.5e-05,48,results_pa_confmanifold_refined/23-12_04-29-26_ref_pms_ctrl_unkPA3_c16384_seed0/history.json,1.0501630567369007,0.25844500433830986,48,1.0,1.0,48,0.9688132572016179,0.9582842177429975,48,0.9887328216422232,0.9880874821735085,48,0.4782180905342102,0.03253866617602331,48,1.0,1.0,48,"[""PA2"", ""PA4"", ""PA8""]",0.05,0.1,0.0001,0.5,val_macro_f1,3,,dqn_proxy_softmax3,,,,results_pa_confmanifold_refined,results_pa_confmanifold_refined/23-12_04-29-26_ref_pms_ctrl_unkPA3_c16384_seed0,ref_pms_ctrl_unkPA3_c16384_seed0,plateau,0,pilot_noisy_torch,digital,open_pa,results_pa_confmanifold_refined/23-12_04-29-26_ref_pms_ctrl_unkPA3_c16384_seed0/summary.json,pa,0.9637805274372163,0.9908291697544547,0.9559513435003631,0.9865831517792303,0.9323260711692084,0.9962962962962963,0.9962961819809254,0.7495025417574437,0.9840123456790124,0.9855809731299927,0.9853921568627451,"[""PA3""]","[""PA3""]",0.0001
"[""best_model"", ""epoch_20"", ""final_model""]",16,18,0.9925925925925926,0.8980893942778944,0.9561436504933513,0.9925916779849363,0.9561436504933513,16384,,"[""best_model"", ""epoch_20"", ""final_model""]",,results_pa_confmanifold_refined/23-16_04-29-26_ref_pms_ctrl_unkPA4_c16384_seed0/config.json,,open_conf,0.05,200,,1.0,True,True,True,0.0001,0.0001,33,results_pa_confmanifold_refined/23-16_04-29-26_ref_pms_ctrl_unkPA4_c16384_seed0/history.json,1.0026911803654261,0.28107716668219795,33,1.0,0.9851851851851852,33,0.9165204784356967,0.7941446064221053,33,0.9561436504933513,0.840571431151644,33,0.37669223326223866,0.06443900126549933,33,1.0,0.9851778656126481,33,"[""PA2"", ""PA3"", ""PA8""]",0.05,0.1,0.0001,0.5,val_macro_f1,3,,dqn_proxy_softmax3,,,,results_pa_confmanifold_refined,results_pa_confmanifold_refined/23-16_04-29-26_ref_pms_ctrl_unkPA4_c16384_seed0,ref_pms_ctrl_unkPA4_c16384_seed0,plateau,0,pilot_noisy_torch,digital,open_pa,results_pa_confmanifold_refined/23-16_04-29-26_ref_pms_ctrl_unkPA4_c16384_seed0/summary.json,pa,0.914381636731811,0.9681964912622928,0.9393899782135076,0.9474001452432825,0.8423340595497459,0.9925925925925926,0.9925916779849363,0.43907770515613653,0.9408714596949892,0.9449310094408133,0.9444008714596951,"[""PA4""]","[""PA4""]",0.0001
"[""best_model"", ""epoch_20"", ""final_model""]",16,24,0.9925925925925926,0.9367449609272532,0.9875720819865041,0.9925916779849363,0.9875720819865041,16384,,"[""best_model"", ""epoch_20"", ""final_model""]",,results_pa_confmanifold_refined/23-19_04-29-26_ref_pms_ctrl_unkPA8_c16384_seed0/config.json,,open_conf,0.05,200,,1.0,True,True,True,0.0001,2.5e-05,39,results_pa_confmanifold_refined/23-19_04-29-26_ref_pms_ctrl_unkPA8_c16384_seed0/history.json,0.9453700531096686,0.2439392647572926,39,0.9925925925925926,0.9925925925925926,39,0.9690528233721817,0.8731862628200928,39,0.9875720819865041,0.9197704594779263,39,0.2291155974070231,0.05504568340601745,39,0.9925916779849363,0.9925916779849363,39,"[""PA2"", ""PA3"", ""PA4""]",0.05,0.1,0.0001,0.5,val_macro_f1,3,,dqn_proxy_softmax3,,,,results_pa_confmanifold_refined,results_pa_confmanifold_refined/23-19_04-29-26_ref_pms_ctrl_unkPA8_c16384_seed0,ref_pms_ctrl_unkPA8_c16384_seed0,plateau,0,pilot_noisy_torch,digital,open_pa,results_pa_confmanifold_refined/23-19_04-29-26_ref_pms_ctrl_unkPA8_c16384_seed0/summary.json,pa,0.9415214358722056,0.9910127094308081,0.9425199709513434,0.9969135802469136,0.8997995642701525,0.9851851851851852,0.9851778656126483,0.5658315177923021,0.9968191721132897,0.9969135802469136,0.996882110869039,"[""PA8""]","[""PA8""]",0.0001
"[""best_model"", ""final_model""]",16,2,0.9592592592592593,0.8590264845583158,0.8531659629270039,0.9589202692228874,0.8531659629270039,16384,,"[""best_model"", ""final_model""]",,results_pa_confmanifold_refined/23-22_04-29-26_ref_pms_ent000_unkPA2_c16384_seed0/config.json,,open_conf,0.0,200,,1.0,True,True,True,0.0001,0.0001,17,results_pa_confmanifold_refined/23-22_04-29-26_ref_pms_ent000_unkPA2_c16384_seed0/history.json,0.9635412833047292,0.28084384921997313,17,0.9925925925925926,0.9925925925925926,17,0.8602618359544397,0.7383438561953779,17,0.8531659629270039,0.7353787723205737,17,0.3873056447064435,0.06632292105091943,17,0.9925916779849363,0.9925916779849363,17,"[""PA3"", ""PA4"", ""PA8""]",0.05,0.1,0.0001,0.5,val_macro_f1,2,,dqn_proxy_softmax3,,,,results_pa_confmanifold_refined,results_pa_confmanifold_refined/23-22_04-29-26_ref_pms_ent000_unkPA2_c16384_seed0,ref_pms_ent000_unkPA2_c16384_seed0,plateau,0,pilot_noisy_torch,digital,open_pa,results_pa_confmanifold_refined/23-22_04-29-26_ref_pms_ent000_unkPA2_c16384_seed0/summary.json,pa,0.8985878479059485,0.8916286477849743,0.8275889615105301,0.8140885984023238,0.8227734204793029,0.9814814814814815,0.9813881930384453,0.8560421205519245,0.8037835875090777,0.812363834422658,0.8100786734446865,"[""PA2""]","[""PA2""]",0.0001
"[""best_model"", ""epoch_20"", ""final_model""]",16,7,0.9740740740740741,0.9596973144179148,0.9758695834409966,0.9742531537640592,0.9758695834409966,16384,,"[""best_model"", ""epoch_20"", ""final_model""]",,results_pa_confmanifold_refined/23-23_04-29-26_ref_pms_ent000_unkPA3_c16384_seed0/config.json,,open_conf,0.0,200,,1.0,True,True,True,0.0001,0.0001,22,results_pa_confmanifold_refined/23-23_04-29-26_ref_pms_ent000_unkPA3_c16384_seed0/history.json,1.003146105342441,0.30163778955974274,22,0.9888888888888889,0.9740740740740741,22,0.9596973144179148,0.947641248606583,22,0.9758695834409966,0.9755716268814091,22,0.5013150493303935,0.07841426360386389,22,0.988888545942776,0.974034805724707,22,"[""PA2"", ""PA4"", ""PA8""]",0.05,0.1,0.0001,0.5,val_macro_f1,3,,dqn_proxy_softmax3,,,,results_pa_confmanifold_refined,results_pa_confmanifold_refined/23-23_04-29-26_ref_pms_ent000_unkPA3_c16384_seed0,ref_pms_ent000_unkPA3_c16384_seed0,plateau,0,pilot_noisy_torch,digital,open_pa,results_pa_confmanifold_refined/23-23_04-29-26_ref_pms_ent000_unkPA3_c16384_seed0/summary.json,pa,0.9382283517356146,0.9541391719590342,0.8773674655047203,0.9350871459694989,0.9178046477850399,0.9592592592592593,0.9591065398556337,0.8640631808278868,0.9577305737109659,0.9547748729121278,0.9491975308641974,"[""PA3""]","[""PA3""]",0.0001
"[""best_model"", ""epoch_20"", ""final_model""]",16,20,0.9851851851851852,0.8977222860736838,0.9593940787751917,0.9851778656126483,0.9593940787751917,16384,,"[""best_model"", ""epoch_20"", ""final_model""]",,results_pa_confmanifold_refined/23-25_04-29-26_ref_pms_ent000_unkPA4_c16384_seed0/config.json,,open_conf,0.0,200,,1.0,True,True,True,0.0001,0.0001,35,results_pa_confmanifold_refined/23-25_04-29-26_ref_pms_ent000_unkPA4_c16384_seed0/history.json,0.9867542847754464,0.26322415064251614,35,0.9962962962962963,0.9888888888888889,35,0.8979534263819348,0.7534589076150788,35,0.9593940787751917,0.7856922043251918,35,0.45033470745439885,0.06278648310237461,35,0.9962961819809254,0.9888858016115588,35,"[""PA2"", ""PA3"", ""PA8""]",0.05,0.1,0.0001,0.5,val_macro_f1,3,,dqn_proxy_softmax3,,,,results_pa_confmanifold_refined,results_pa_confmanifold_refined/23-25_04-29-26_ref_pms_ent000_unkPA4_c16384_seed0,ref_pms_ent000_unkPA4_c16384_seed0,plateau,0,pilot_noisy_torch,digital,open_pa,results_pa_confmanifold_refined/23-25_04-29-26_ref_pms_ent000_unkPA4_c16384_seed0/summary.json,pa,0.903391653048465,0.954386867149673,0.8851198257080609,0.9270007262164126,0.828395061728395,0.9851851851851852,0.9851778656126483,0.48318082788671024,0.9230065359477124,0.9236673928830792,0.924558218349068,"[""PA4""]","[""PA4""]",0.0001
"[""best_model"", ""epoch_20"", ""final_model""]",16,32,0.9925925925925926,0.9503442123061514,0.986226643083088,0.9925916779849363,0.986226643083088,16384,,"[""best_model"", ""epoch_20"", ""final_model""]",,results_pa_confmanifold_refined/23-28_04-29-26_ref_pms_ent000_unkPA8_c16384_seed0/config.json,,open_conf,0.0,200,,1.0,True,True,True,0.0001,1.25e-05,47,results_pa_confmanifold_refined/23-28_04-29-26_ref_pms_ent000_unkPA8_c16384_seed0/history.json,0.8890175268763587,0.23669761277380444,47,0.9925925925925926,0.9925925925925926,47,0.9692842980397441,0.9031274481349083,47,0.986226643083088,0.9466110360744134,47,0.2315127083548793,0.06070725961967751,47,0.9925916779849363,0.9925916779849363,47,"[""PA2"", ""PA3"", ""PA4""]",0.05,0.1,0.0001,0.5,val_macro_f1,3,,dqn_proxy_softmax3,,,,results_pa_confmanifold_refined,results_pa_confmanifold_refined/23-28_04-29-26_ref_pms_ent000_unkPA8_c16384_seed0,ref_pms_ent000_unkPA8_c16384_seed0,plateau,0,pilot_noisy_torch,digital,open_pa,results_pa_confmanifold_refined/23-28_04-29-26_ref_pms_ent000_unkPA8_c16384_seed0/summary.json,pa,0.9530753348269893,0.9897364591995736,0.9390704429920116,0.9942919389978213,0.9220188816267247,0.9851851851851852,0.9851778656126483,0.6880755265068991,0.9943718228031954,0.9942846768336965,0.9943161462115709,"[""PA8""]","[""PA8""]",0.0001
"[""best_model"", ""epoch_20"", ""final_model""]",16,18,0.9851851851851852,0.882221954486815,0.8778922122128019,0.985184270577529,0.8778922122128019,16384,,"[""best_model"", ""epoch_20"", ""final_model""]",,results_pa_confmanifold_refined/23-32_04-29-26_ref_pms_ent002_unkPA2_c16384_seed0/config.json,,open_conf,0.02,200,,1.0,True,True,True,0.0001,5e-05,33,results_pa_confmanifold_refined/23-32_04-29-26_ref_pms_ent002_unkPA2_c16384_seed0/history.json,0.962073062147413,0.256646192073822,33,0.9925925925925926,0.9925925925925926,33,0.882221954486815,0.7469261361233288,33,0.8778922122128019,0.7558315925779152,33,0.33921202818552654,0.06094111822269581,33,0.9925916779849363,0.9925916779849363,33,"[""PA3"", ""PA4"", ""PA8""]",0.05,0.1,0.0001,0.5,val_macro_f1,3,,dqn_proxy_softmax3,,,,results_pa_confmanifold_refined,results_pa_confmanifold_refined/23-32_04-29-26_ref_pms_ent002_unkPA2_c16384_seed0,ref_pms_ent002_unkPA2_c16384_seed0,plateau,0,pilot_noisy_torch,digital,open_pa,results_pa_confmanifold_refined/23-32_04-29-26_ref_pms_ent002_unkPA2_c16384_seed0/summary.json,pa,0.8954429125386085,0.8894674037050186,0.8035366739288308,0.796230936819172,0.8047988380537399,0.9962962962962963,0.9962961819809254,0.8381771968046478,0.790326797385621,0.7957225853304284,0.7940934398450737,"[""PA2""]","[""PA2""]",0.0001
"[""best_model"", ""epoch_20"", ""final_model""]",16,30,0.9925925925925926,0.9423413613868878,0.9872089688327408,0.9925916779849363,0.9872089688327408,16384,,"[""best_model"", ""epoch_20"", ""final_model""]",,results_pa_confmanifold_refined/23-35_04-29-26_ref_pms_ent002_unkPA3_c16384_seed0/config.json,,open_conf,0.02,200,,1.0,True,True,True,0.0001,2.5e-05,45,results_pa_confmanifold_refined/23-35_04-29-26_ref_pms_ent002_unkPA3_c16384_seed0/history.json,1.012984700051565,0.2586930777345385,45,0.9962962962962963,0.9925925925925926,45,0.9666433751851975,0.9524955563563096,45,0.9872089688327408,0.985517410931677,45,0.4413268334335751,0.04340106451676951,45,0.9962961819809254,0.9925925925925926,45,"[""PA2"", ""PA4"", ""PA8""]",0.05,0.1,0.0001,0.5,val_macro_f1,3,,dqn_proxy_softmax3,,,,results_pa_confmanifold_refined,results_pa_confmanifold_refined/23-35_04-29-26_ref_pms_ent002_unkPA3_c16384_seed0,ref_pms_ent002_unkPA3_c16384_seed0,plateau,0,pilot_noisy_torch,digital,open_pa,results_pa_confmanifold_refined/23-35_04-29-26_ref_pms_ent002_unkPA3_c16384_seed0/summary.json,pa,0.942146787374771,0.993403514040514,0.9882389251997095,0.9916085693536674,0.8909404502541758,0.9962962962962963,0.9962961819809254,0.49490559186637617,0.9893355119825709,0.9906136528685549,0.9905192447349309,"[""PA3""]","[""PA3""]",0.0001
"[""best_model"", ""epoch_20"", ""final_model""]",16,25,0.9888888888888889,0.8765392105629508,0.9662834489443063,0.9888858016115588,0.9662834489443063,16384,,"[""best_model"", ""epoch_20"", ""final_model""]",,results_pa_confmanifold_refined/23-38_04-29-26_ref_pms_ent002_unkPA4_c16384_seed0/config.json,,open_conf,0.02,200,,1.0,True,True,True,0.0001,5e-05,40,results_pa_confmanifold_refined/23-38_04-29-26_ref_pms_ent002_unkPA4_c16384_seed0/history.json,0.9602955808715214,0.24851152499516804,40,1.0,0.9962962962962963,40,0.9420924076334342,0.7546364270702762,40,0.9662834489443063,0.7764367874994422,40,0.4121632090321294,0.04928477351312284,40,1.0,0.9962961819809254,40,"[""PA2"", ""PA3"", ""PA8""]",0.05,0.1,0.0001,0.5,val_macro_f1,3,,dqn_proxy_softmax3,,,,results_pa_confmanifold_refined,results_pa_confmanifold_refined/23-38_04-29-26_ref_pms_ent002_unkPA4_c16384_seed0,ref_pms_ent002_unkPA4_c16384_seed0,plateau,0,pilot_noisy_torch,digital,open_pa,results_pa_confmanifold_refined/23-38_04-29-26_ref_pms_ent002_unkPA4_c16384_seed0/summary.json,pa,0.8658726120107191,0.9500603486763499,0.6021713870733478,0.8999419026870007,0.7610152505446623,0.9851851851851852,0.9851778656126483,0.45432098765432105,0.9261002178649238,0.9225417574437181,0.9161946259985476,"[""PA4""]","[""PA4""]",0.0001
"[""best_model"", ""epoch_20"", ""final_model""]",16,28,0.9925925925925926,0.9431404259918639,0.9873072162964239,0.9925916779849363,0.9873072162964239,16384,,"[""best_model"", ""epoch_20"", ""final_model""]",,results_pa_confmanifold_refined/23-42_04-29-26_ref_pms_ent002_unkPA8_c16384_seed0/config.json,,open_conf,0.02,200,,1.0,True,True,True,0.0001,1.25e-05,43,results_pa_confmanifold_refined/23-42_04-29-26_ref_pms_ent002_unkPA8_c16384_seed0/history.json,0.9152308388361855,0.24037131075821225,43,0.9925925925925926,0.9925925925925926,43,0.9681271782137713,0.8894034167746165,43,0.9873072162964239,0.9506828650428891,43,0.21947264627174096,0.056967133393994084,43,0.9925916779849363,0.9925916779849363,43,"[""PA2"", ""PA3"", ""PA4""]",0.05,0.1,0.0001,0.5,val_macro_f1,3,,dqn_proxy_softmax3,,,,results_pa_confmanifold_refined,results_pa_confmanifold_refined/23-42_04-29-26_ref_pms_ent002_unkPA8_c16384_seed0,ref_pms_ent002_unkPA8_c16384_seed0,plateau,0,pilot_noisy_torch,digital,open_pa,results_pa_confmanifold_refined/23-42_04-29-26_ref_pms_ent002_unkPA8_c16384_seed0/summary.json,pa,0.9460039923400418,0.9905385216401842,0.9478794480755266,0.9959694989106753,0.9083877995642702,0.9851851851851852,0.9851778656126483,0.6062745098039215,0.9958533042846768,0.9959622367465504,0.9959283466473009,"[""PA8""]","[""PA8""]",0.0001
"[""best_model"", ""epoch_20"", ""final_model""]",16,30,0.9925925925925926,0.8891455104787027,0.9373418285297239,0.9925916779849363,0.9373418285297239,16384,,"[""best_model"", ""epoch_20"", ""final_model""]",,results_pa_confmanifold_refined/23-45_04-29-26_ref_pms_drop040_unkPA2_c16384_seed0/config.json,,open_conf,0.05,200,,1.0,True,True,True,0.0001,1.25e-05,45,results_pa_confmanifold_refined/23-45_04-29-26_ref_pms_drop040_unkPA2_c16384_seed0/history.json,0.9457827333420042,0.24148799734456197,45,0.9925925925925926,0.9925925925925926,45,0.9150248439937901,0.7706611399798153,45,0.9373418285297239,0.7967024245553731,45,0.2520429032820242,0.05519339817541617,45,0.9925916779849363,0.9925916779849363,45,"[""PA3"", ""PA4"", ""PA8""]",0.05,0.1,0.0001,0.4,val_macro_f1,3,,dqn_proxy_softmax3,,,,results_pa_confmanifold_refined,results_pa_confmanifold_refined/23-45_04-29-26_ref_pms_drop040_unkPA2_c16384_seed0,ref_pms_drop040_unkPA2_c16384_seed0,plateau,0,pilot_noisy_torch,digital,open_pa,results_pa_confmanifold_refined/23-45_04-29-26_ref_pms_drop040_unkPA2_c16384_seed0/summary.json,pa,0.9017867499547108,0.9555653243092272,0.870646332607117,0.9185911401597676,0.816242556281772,0.9962962962962963,0.9962961819809254,0.46106753812636164,0.9125272331154684,0.9183805374001452,0.9164996368917938,"[""PA2""]","[""PA2""]",0.0001
"[""best_model"", ""epoch_20"", ""epoch_50"", ""final_model""]",16,48,1.0,0.9537644712750978,0.9960931914688178,1.0,0.9960931914688178,16384,,"[""best_model"", ""epoch_20"", ""epoch_50"", ""final_model""]",,results_pa_confmanifold_refined/23-49_04-29-26_ref_pms_drop040_unkPA3_c16384_seed0/config.json,,open_conf,0.05,200,,1.0,True,True,True,0.0001,1.25e-05,63,results_pa_confmanifold_refined/23-49_04-29-26_ref_pms_drop040_unkPA3_c16384_seed0/history.json,0.9441364144522046,0.23460681504673428,63,1.0,0.9962962962962963,63,0.9693652427010415,0.9447092357904494,63,0.9960931914688178,0.9861572434490797,63,0.3035545532350187,0.03580877751939827,63,1.0,0.9962961819809254,63,"[""PA2"", ""PA4"", ""PA8""]",0.05,0.1,0.0001,0.4,val_macro_f1,4,,dqn_proxy_softmax3,,,,results_pa_confmanifold_refined,results_pa_confmanifold_refined/23-49_04-29-26_ref_pms_drop040_unkPA3_c16384_seed0,ref_pms_drop040_unkPA3_c16384_seed0,plateau,0,pilot_noisy_torch,digital,open_pa,results_pa_confmanifold_refined/23-49_04-29-26_ref_pms_drop040_unkPA3_c16384_seed0/summary.json,pa,0.9484505784484198,0.9961455378440082,0.9847893972403777,0.9966993464052287,0.9029026870007263,0.9962962962962963,0.9962961819809254,0.5417392883079157,0.9952977487291212,0.9959876543209877,0.9959949164851126,"[""PA3""]","[""PA3""]",0.0001
"[""best_model"", ""epoch_20"", ""final_model""]",16,14,0.9888888888888889,0.9271601826017984,0.9605356367881894,0.9888858016115588,0.9605356367881894,16384,,"[""best_model"", ""epoch_20"", ""final_model""]",,results_pa_confmanifold_refined/23-54_04-29-26_ref_pms_drop040_unkPA4_c16384_seed0/config.json,,open_conf,0.05,200,,1.0,True,True,True,0.0001,0.0001,29,results_pa_confmanifold_refined/23-54_04-29-26_ref_pms_drop040_unkPA4_c16384_seed0/history.json,0.9163376427832104,0.26904963992890857,29,1.0,0.9925925925925926,29,0.9271601826017984,0.8202044551795227,29,0.9605356367881894,0.8935056415732774,29,0.3512294292449951,0.044143315653006235,29,1.0,0.9925916779849363,29,"[""PA2"", ""PA3"", ""PA8""]",0.05,0.1,0.0001,0.4,val_macro_f1,3,,dqn_proxy_softmax3,,,,results_pa_confmanifold_refined,results_pa_confmanifold_refined/23-54_04-29-26_ref_pms_drop040_unkPA4_c16384_seed0,ref_pms_drop040_unkPA4_c16384_seed0,plateau,0,pilot_noisy_torch,digital,open_pa,results_pa_confmanifold_refined/23-54_04-29-26_ref_pms_drop040_unkPA4_c16384_seed0/summary.json,pa,0.9226790251320011,0.981314076747099,0.9372258533042848,0.9761510530137981,0.857690631808279,0.9925925925925926,0.9925916779849363,0.4407334785766159,0.9653231663035585,0.9690196078431373,0.970164609053498,"[""PA4""]","[""PA4""]",0.0001
"[""best_model"", ""epoch_20"", ""final_model""]",16,29,0.9925925925925926,0.9227099028764741,0.9870626618073576,0.9925916779849363,0.9870626618073576,16384,,"[""best_model"", ""epoch_20"", ""final_model""]",,results_pa_confmanifold_refined/23-56_04-29-26_ref_pms_drop040_unkPA8_c16384_seed0/config.json,,open_conf,0.05,200,,1.0,True,True,True,0.0001,1.25e-05,44,results_pa_confmanifold_refined/23-56_04-29-26_ref_pms_drop040_unkPA8_c16384_seed0/history.json,0.8372373991542392,0.23189778162373437,44,0.9925925925925926,0.9925925925925926,44,0.9622113876161318,0.8902716040759799,44,0.9870626618073576,0.9489247912875814,44,0.1921443886227078,0.055979883450048944,44,0.9925916779849363,0.9925916779849363,44,"[""PA2"", ""PA3"", ""PA4""]",0.05,0.1,0.0001,0.4,val_macro_f1,3,,dqn_proxy_softmax3,,,,results_pa_confmanifold_refined,results_pa_confmanifold_refined/23-56_04-29-26_ref_pms_drop040_unkPA8_c16384_seed0,ref_pms_drop040_unkPA8_c16384_seed0,plateau,0,pilot_noisy_torch,digital,open_pa,results_pa_confmanifold_refined/23-56_04-29-26_ref_pms_drop040_unkPA8_c16384_seed0/summary.json,pa,0.9247927904141897,0.9903759939044705,0.8022657952069716,0.9957371096586782,0.8681089324618737,0.9851851851851852,0.9851778656126483,0.5514742193173566,0.995359477124183,0.9957080610021787,0.99560154926168,"[""PA8""]","[""PA8""]",0.0001
,16,6,0.9972222222222222,,,0.997222136485694,,16384,,"[""best_model""]",,results_pa_finalist/11-55_04-22-26_c16384_bs16_lr5e4_lc01_wd0_seed1/config.json,,,,40,,,True,True,True,,,,results_pa_finalist/11-55_04-22-26_c16384_bs16_lr5e4_lc01_wd0_seed1/history.json,0.9039078496751332,0.42138189389592123,14,0.9972222222222222,0.9972222222222222,14,,,,,,,0.3013591663704978,0.09927036828464932,14,0.997222136485694,0.997222136485694,14,,,0.1,0.0005,,,1,,,,,,results_pa_finalist,results_pa_finalist/11-55_04-22-26_c16384_bs16_lr5e4_lc01_wd0_seed1,c16384_bs16_lr5e4_lc01_wd0_seed1,,1,,,closed,results_pa_finalist/11-55_04-22-26_c16384_bs16_lr5e4_lc01_wd0_seed1/summary.json,pa,,,,,,,,,,,,,,0.0
,16,13,0.9972222222222222,,,0.997222136485694,,16384,,"[""best_model""]",,results_pa_finalist/11-57_04-22-26_c16384_bs16_lr5e4_lc01_wd0_seed2/config.json,,,,40,,,True,True,True,,,,results_pa_finalist/11-57_04-22-26_c16384_bs16_lr5e4_lc01_wd0_seed2/history.json,0.8777134123302641,0.3915935456752777,21,0.9972222222222222,0.9972222222222222,21,,,,,,,0.3132588035530514,0.10475592497322295,21,0.997222136485694,0.997222136485694,21,,,0.1,0.0005,,,1,,,,,,results_pa_finalist,results_pa_finalist/11-57_04-22-26_c16384_bs16_lr5e4_lc01_wd0_seed2,c16384_bs16_lr5e4_lc01_wd0_seed2,,2,,,closed,results_pa_finalist/11-57_04-22-26_c16384_bs16_lr5e4_lc01_wd0_seed2/summary.json,pa,,,,,,,,,,,,,,0.0
,16,12,0.9972222222222222,,,0.997222136485694,,8192,,"[""best_model""]",,results_pa_followup/23-31_04-21-26_c8192_bs16_lr5e4_lc01_wd0_seed1/config.json,,,,40,,,True,True,True,,,,results_pa_followup/23-31_04-21-26_c8192_bs16_lr5e4_lc01_wd0_seed1/history.json,0.9326952639080229,0.39693911643255325,20,0.9972222222222222,0.9944444444444445,20,,,,,,,0.5614053474532233,0.09266964627636803,20,0.997222136485694,0.9944437584887023,20,,,0.1,0.0005,,,1,,,,,,results_pa_followup,results_pa_followup/23-31_04-21-26_c8192_bs16_lr5e4_lc01_wd0_seed1,c8192_bs16_lr5e4_lc01_wd0_seed1,,1,,,closed,results_pa_followup/23-31_04-21-26_c8192_bs16_lr5e4_lc01_wd0_seed1/summary.json,pa,,,,,,,,,,,,,,0.0
,16,9,0.9972222222222222,,,0.997222136485694,,8192,,"[""best_model""]",,results_pa_followup/23-32_04-21-26_c8192_bs16_lr5e4_lc01_wd0_seed2/config.json,,,,40,,,True,True,True,,,,results_pa_followup/23-32_04-21-26_c8192_bs16_lr5e4_lc01_wd0_seed2/history.json,0.9377024656250363,0.4035031392460778,17,0.9972222222222222,0.9944444444444445,17,,,,,,,0.3306982262267007,0.09130806807014677,17,0.997222136485694,0.9944437584887023,17,,,0.1,0.0005,,,1,,,,,,results_pa_followup,results_pa_followup/23-32_04-21-26_c8192_bs16_lr5e4_lc01_wd0_seed2,c8192_bs16_lr5e4_lc01_wd0_seed2,,2,,,closed,results_pa_followup/23-32_04-21-26_c8192_bs16_lr5e4_lc01_wd0_seed2/summary.json,pa,,,,,,,,,,,,,,0.0
,8,14,0.9972222222222222,,,0.997222136485694,,8192,,"[""best_model""]",,results_pa_followup/23-33_04-21-26_c8192_bs8_lr5e4_lc01_wd0_seed1/config.json,,,,40,,,True,True,True,,,,results_pa_followup/23-33_04-21-26_c8192_bs8_lr5e4_lc01_wd0_seed1/history.json,0.9478575110435485,0.3904293379613331,22,0.9972222222222222,0.9888888888888889,22,,,,,,,0.32607681047585274,0.09543805668751398,22,0.997222136485694,0.9888888888888889,22,,,0.1,0.0005,,,1,,,,,,results_pa_followup,results_pa_followup/23-33_04-21-26_c8192_bs8_lr5e4_lc01_wd0_seed1,c8192_bs8_lr5e4_lc01_wd0_seed1,,1,,,closed,results_pa_followup/23-33_04-21-26_c8192_bs8_lr5e4_lc01_wd0_seed1/summary.json,pa,,,,,,,,,,,,,,0.0
,8,13,0.9972222222222222,,,0.997222136485694,,8192,,"[""best_model""]",,results_pa_followup/23-34_04-21-26_c8192_bs8_lr5e4_lc01_wd0_seed2/config.json,,,,40,,,True,True,True,,,,results_pa_followup/23-34_04-21-26_c8192_bs8_lr5e4_lc01_wd0_seed2/history.json,0.972895436059861,0.400805498446737,21,0.9972222222222222,0.9888888888888889,21,,,,,,,0.4120712369680405,0.1058267139726215,21,0.997222136485694,0.9888833992094862,21,,,0.1,0.0005,,,1,,,,,,results_pa_followup,results_pa_followup/23-34_04-21-26_c8192_bs8_lr5e4_lc01_wd0_seed2,c8192_bs8_lr5e4_lc01_wd0_seed2,,2,,,closed,results_pa_followup/23-34_04-21-26_c8192_bs8_lr5e4_lc01_wd0_seed2/summary.json,pa,,,,,,,,,,,,,,0.0
,16,,,,,,,4096,,"[""best_model"", ""epoch_100"", ""epoch_20"", ""epoch_50"", ""final_model""]",,results_pa_osr_bank/13-46_04-22-26_osrbank_unkPA2_c4096_bs16_lr5e4_lc01_wd0_seed0/config.json,,,,100,,,True,True,True,,,,results_pa_osr_bank/13-46_04-22-26_osrbank_unkPA2_c4096_bs16_lr5e4_lc01_wd0_seed0/history.json,0.6781406847257463,0.2981378792770325,100,1.0,1.0,100,,,,,,,0.21286626623736488,0.07651570936044057,100,1.0,1.0,100,,,0.1,0.0005,,,5,,,,,,results_pa_osr_bank,results_pa_osr_bank/13-46_04-22-26_osrbank_unkPA2_c4096_bs16_lr5e4_lc01_wd0_seed0,osrbank_unkPA2_c4096_bs16_lr5e4_lc01_wd0_seed0,,0,,,open_pa,results_pa_osr_bank/13-46_04-22-26_osrbank_unkPA2_c4096_bs16_lr5e4_lc01_wd0_seed0/summary.json,pa,,,,,,1.0,1.0,,,,,,"[""PA2""]",0.0
,16,,,,,,,4096,,"[""best_model"", ""epoch_100"", ""epoch_20"", ""epoch_50"", ""final_model""]",,results_pa_osr_bank/13-48_04-22-26_osrbank_unkPA2_c4096_bs16_lr5e4_lc01_wd0_seed1/config.json,,,,100,,,True,True,True,,,,results_pa_osr_bank/13-48_04-22-26_osrbank_unkPA2_c4096_bs16_lr5e4_lc01_wd0_seed1/history.json,0.680142914586597,0.29747173455026416,100,1.0,1.0,100,,,,,,,0.14115579713273932,0.07232493438102582,100,1.0,1.0,100,,,0.1,0.0005,,,5,,,,,,results_pa_osr_bank,results_pa_osr_bank/13-48_04-22-26_osrbank_unkPA2_c4096_bs16_lr5e4_lc01_wd0_seed1,osrbank_unkPA2_c4096_bs16_lr5e4_lc01_wd0_seed1,,1,,,open_pa,results_pa_osr_bank/13-48_04-22-26_osrbank_unkPA2_c4096_bs16_lr5e4_lc01_wd0_seed1/summary.json,pa,,,,,,1.0,1.0,,,,,,"[""PA2""]",0.0
,16,,,,,,,4096,,"[""best_model"", ""epoch_100"", ""epoch_20"", ""epoch_50"", ""final_model""]",,results_pa_osr_bank/13-50_04-22-26_osrbank_unkPA2_c4096_bs16_lr5e4_lc01_wd0_seed2/config.json,,,,100,,,True,True,True,,,,results_pa_osr_bank/13-50_04-22-26_osrbank_unkPA2_c4096_bs16_lr5e4_lc01_wd0_seed2/history.json,0.6819924627031598,0.29884447682471504,100,1.0,1.0,100,,,,,,,0.12849074524861795,0.07439510022048597,100,1.0,1.0,100,,,0.1,0.0005,,,5,,,,,,results_pa_osr_bank,results_pa_osr_bank/13-50_04-22-26_osrbank_unkPA2_c4096_bs16_lr5e4_lc01_wd0_seed2,osrbank_unkPA2_c4096_bs16_lr5e4_lc01_wd0_seed2,,2,,,open_pa,results_pa_osr_bank/13-50_04-22-26_osrbank_unkPA2_c4096_bs16_lr5e4_lc01_wd0_seed2/summary.json,pa,,,,,,1.0,1.0,,,,,,"[""PA2""]",0.0
,16,,,,,,,8192,,"[""best_model"", ""epoch_100"", ""epoch_20"", ""epoch_50"", ""final_model""]",,results_pa_osr_bank/13-53_04-22-26_osrbank_unkPA2_c8192_bs16_lr5e4_lc01_wd0_seed0/config.json,,,,100,,,True,True,True,,,,results_pa_osr_bank/13-53_04-22-26_osrbank_unkPA2_c8192_bs16_lr5e4_lc01_wd0_seed0/history.json,0.712131738189667,0.29802175343982756,100,1.0,1.0,100,,,,,,,0.2067942194364689,0.07269869297742844,100,1.0,1.0,100,,,0.1,0.0005,,,5,,,,,,results_pa_osr_bank,results_pa_osr_bank/13-53_04-22-26_osrbank_unkPA2_c8192_bs16_lr5e4_lc01_wd0_seed0,osrbank_unkPA2_c8192_bs16_lr5e4_lc01_wd0_seed0,,0,,,open_pa,results_pa_osr_bank/13-53_04-22-26_osrbank_unkPA2_c8192_bs16_lr5e4_lc01_wd0_seed0/summary.json,pa,,,,,,1.0,1.0,,,,,,"[""PA2""]",0.0
,16,,,,,,,8192,,"[""best_model"", ""epoch_100"", ""epoch_20"", ""epoch_50"", ""final_model""]",,results_pa_osr_bank/13-57_04-22-26_osrbank_unkPA2_c8192_bs16_lr5e4_lc01_wd0_seed1/config.json,,,,100,,,True,True,True,,,,results_pa_osr_bank/13-57_04-22-26_osrbank_unkPA2_c8192_bs16_lr5e4_lc01_wd0_seed1/history.json,0.7471659448411729,0.29831628856204806,100,1.0,1.0,100,,,,,,,0.20278637144300674,0.07220338174590359,100,1.0,1.0,100,,,0.1,0.0005,,,5,,,,,,results_pa_osr_bank,results_pa_osr_bank/13-57_04-22-26_osrbank_unkPA2_c8192_bs16_lr5e4_lc01_wd0_seed1,osrbank_unkPA2_c8192_bs16_lr5e4_lc01_wd0_seed1,,1,,,open_pa,results_pa_osr_bank/13-57_04-22-26_osrbank_unkPA2_c8192_bs16_lr5e4_lc01_wd0_seed1/summary.json,pa,,,,,,1.0,1.0,,,,,,"[""PA2""]",0.0
,16,,,,,,,8192,,"[""best_model"", ""epoch_100"", ""epoch_20"", ""epoch_50"", ""final_model""]",,results_pa_osr_bank/14-01_04-22-26_osrbank_unkPA2_c8192_bs16_lr5e4_lc01_wd0_seed2/config.json,,,,100,,,True,True,True,,,,results_pa_osr_bank/14-01_04-22-26_osrbank_unkPA2_c8192_bs16_lr5e4_lc01_wd0_seed2/history.json,0.6962694573023963,0.29700924744681706,100,1.0,1.0,100,,,,,,,0.20391381184260052,0.0721093193800361,100,1.0,1.0,100,,,0.1,0.0005,,,5,,,,,,results_pa_osr_bank,results_pa_osr_bank/14-01_04-22-26_osrbank_unkPA2_c8192_bs16_lr5e4_lc01_wd0_seed2,osrbank_unkPA2_c8192_bs16_lr5e4_lc01_wd0_seed2,,2,,,open_pa,results_pa_osr_bank/14-01_04-22-26_osrbank_unkPA2_c8192_bs16_lr5e4_lc01_wd0_seed2/summary.json,pa,,,,,,1.0,1.0,,,,,,"[""PA2""]",0.0
,16,,,,,,,16384,,"[""best_model"", ""epoch_100"", ""epoch_20"", ""epoch_50"", ""final_model""]",,results_pa_osr_bank/14-05_04-22-26_osrbank_unkPA2_c16384_bs16_lr5e4_lc01_wd0_seed0/config.json,,,,100,,,True,True,True,,,,results_pa_osr_bank/14-05_04-22-26_osrbank_unkPA2_c16384_bs16_lr5e4_lc01_wd0_seed0/history.json,0.6845850921812512,0.29761222269799975,100,1.0,1.0,100,,,,,,,0.2704721063375473,0.0724978819489479,100,1.0,1.0,100,,,0.1,0.0005,,,5,,,,,,results_pa_osr_bank,results_pa_osr_bank/14-05_04-22-26_osrbank_unkPA2_c16384_bs16_lr5e4_lc01_wd0_seed0,osrbank_unkPA2_c16384_bs16_lr5e4_lc01_wd0_seed0,,0,,,open_pa,results_pa_osr_bank/14-05_04-22-26_osrbank_unkPA2_c16384_bs16_lr5e4_lc01_wd0_seed0/summary.json,pa,,,,,,1.0,1.0,,,,,,"[""PA2""]",0.0
,16,,,,,,,16384,,"[""best_model"", ""epoch_100"", ""epoch_20"", ""epoch_50"", ""final_model""]",,results_pa_osr_bank/14-12_04-22-26_osrbank_unkPA2_c16384_bs16_lr5e4_lc01_wd0_seed1/config.json,,,,100,,,True,True,True,,,,results_pa_osr_bank/14-12_04-22-26_osrbank_unkPA2_c16384_bs16_lr5e4_lc01_wd0_seed1/history.json,0.7041567058790298,0.2983512224659087,100,1.0,1.0,100,,,,,,,0.18416245425188982,0.07358155200878778,100,1.0,1.0,100,,,0.1,0.0005,,,5,,,,,,results_pa_osr_bank,results_pa_osr_bank/14-12_04-22-26_osrbank_unkPA2_c16384_bs16_lr5e4_lc01_wd0_seed1,osrbank_unkPA2_c16384_bs16_lr5e4_lc01_wd0_seed1,,1,,,open_pa,results_pa_osr_bank/14-12_04-22-26_osrbank_unkPA2_c16384_bs16_lr5e4_lc01_wd0_seed1/summary.json,pa,,,,,,1.0,1.0,,,,,,"[""PA2""]",0.0
,16,,,,,,,16384,,"[""best_model"", ""epoch_100"", ""epoch_20"", ""epoch_50"", ""final_model""]",,results_pa_osr_bank/14-20_04-22-26_osrbank_unkPA2_c16384_bs16_lr5e4_lc01_wd0_seed2/config.json,,,,100,,,True,True,True,,,,results_pa_osr_bank/14-20_04-22-26_osrbank_unkPA2_c16384_bs16_lr5e4_lc01_wd0_seed2/history.json,0.6870374942582751,0.2976492051094297,100,1.0,1.0,100,,,,,,,0.23552188453850922,0.07248398269768115,100,1.0,1.0,100,,,0.1,0.0005,,,5,,,,,,results_pa_osr_bank,results_pa_osr_bank/14-20_04-22-26_osrbank_unkPA2_c16384_bs16_lr5e4_lc01_wd0_seed2,osrbank_unkPA2_c16384_bs16_lr5e4_lc01_wd0_seed2,,2,,,open_pa,results_pa_osr_bank/14-20_04-22-26_osrbank_unkPA2_c16384_bs16_lr5e4_lc01_wd0_seed2/summary.json,pa,,,,,,1.0,1.0,,,,,,"[""PA2""]",0.0
,8,,,,,,,32768,,"[""best_model"", ""epoch_100"", ""epoch_20"", ""epoch_50"", ""final_model""]",,results_pa_osr_bank/14-27_04-22-26_osrbank_unkPA2_c32768_bs8_lr5e4_lc01_wd0_seed0/config.json,,,,100,,,True,True,True,,,,results_pa_osr_bank/14-27_04-22-26_osrbank_unkPA2_c32768_bs8_lr5e4_lc01_wd0_seed0/history.json,0.7065674002208407,0.2958501284084623,100,1.0,1.0,100,,,,,,,0.3139356772104899,0.07047820803191927,100,1.0,1.0,100,,,0.1,0.0005,,,5,,,,,,results_pa_osr_bank,results_pa_osr_bank/14-27_04-22-26_osrbank_unkPA2_c32768_bs8_lr5e4_lc01_wd0_seed0,osrbank_unkPA2_c32768_bs8_lr5e4_lc01_wd0_seed0,,0,,,open_pa,results_pa_osr_bank/14-27_04-22-26_osrbank_unkPA2_c32768_bs8_lr5e4_lc01_wd0_seed0/summary.json,pa,,,,,,1.0,1.0,,,,,,"[""PA2""]",0.0
,8,,,,,,,32768,,"[""best_model"", ""epoch_100"", ""epoch_20"", ""epoch_50"", ""final_model""]",,results_pa_osr_bank/14-42_04-22-26_osrbank_unkPA2_c32768_bs8_lr5e4_lc01_wd0_seed1/config.json,,,,100,,,True,True,True,,,,results_pa_osr_bank/14-42_04-22-26_osrbank_unkPA2_c32768_bs8_lr5e4_lc01_wd0_seed1/history.json,0.7376182442619688,0.2949053435098557,100,1.0,1.0,100,,,,,,,0.3025251101564478,0.07027407249918691,100,1.0,1.0,100,,,0.1,0.0005,,,5,,,,,,results_pa_osr_bank,results_pa_osr_bank/14-42_04-22-26_osrbank_unkPA2_c32768_bs8_lr5e4_lc01_wd0_seed1,osrbank_unkPA2_c32768_bs8_lr5e4_lc01_wd0_seed1,,1,,,open_pa,results_pa_osr_bank/14-42_04-22-26_osrbank_unkPA2_c32768_bs8_lr5e4_lc01_wd0_seed1/summary.json,pa,,,,,,1.0,1.0,,,,,,"[""PA2""]",0.0
,8,,,,,,,32768,,"[""best_model"", ""epoch_100"", ""epoch_20"", ""epoch_50"", ""final_model""]",,results_pa_osr_bank/14-56_04-22-26_osrbank_unkPA2_c32768_bs8_lr5e4_lc01_wd0_seed2/config.json,,,,100,,,True,True,True,,,,results_pa_osr_bank/14-56_04-22-26_osrbank_unkPA2_c32768_bs8_lr5e4_lc01_wd0_seed2/history.json,0.7395680730305021,0.29519987598298086,100,1.0,1.0,100,,,,,,,0.2776484140643367,0.07239373784374308,100,1.0,1.0,100,,,0.1,0.0005,,,5,,,,,,results_pa_osr_bank,results_pa_osr_bank/14-56_04-22-26_osrbank_unkPA2_c32768_bs8_lr5e4_lc01_wd0_seed2,osrbank_unkPA2_c32768_bs8_lr5e4_lc01_wd0_seed2,,2,,,open_pa,results_pa_osr_bank/14-56_04-22-26_osrbank_unkPA2_c32768_bs8_lr5e4_lc01_wd0_seed2/summary.json,pa,,,,,,1.0,1.0,,,,,,"[""PA2""]",0.0
,16,,,,,,,4096,,"[""best_model"", ""epoch_100"", ""epoch_20"", ""epoch_50"", ""final_model""]",,results_pa_osr_bank/15-10_04-22-26_osrbank_unkPA3_c4096_bs16_lr5e4_lc01_wd0_seed0/config.json,,,,100,,,True,True,True,,,,results_pa_osr_bank/15-10_04-22-26_osrbank_unkPA3_c4096_bs16_lr5e4_lc01_wd0_seed0/history.json,0.6831597827729725,0.29754805754101465,100,1.0,1.0,100,,,,,,,0.4979205158021715,0.07412461632931674,100,1.0,1.0,100,,,0.1,0.0005,,,5,,,,,,results_pa_osr_bank,results_pa_osr_bank/15-10_04-22-26_osrbank_unkPA3_c4096_bs16_lr5e4_lc01_wd0_seed0,osrbank_unkPA3_c4096_bs16_lr5e4_lc01_wd0_seed0,,0,,,open_pa,results_pa_osr_bank/15-10_04-22-26_osrbank_unkPA3_c4096_bs16_lr5e4_lc01_wd0_seed0/summary.json,pa,,,,,,0.9925925925925926,0.9925916779849363,,,,,,"[""PA3""]",0.0
,16,,,,,,,4096,,"[""best_model"", ""epoch_100"", ""epoch_20"", ""epoch_50"", ""final_model""]",,results_pa_osr_bank/15-12_04-22-26_osrbank_unkPA3_c4096_bs16_lr5e4_lc01_wd0_seed1/config.json,,,,100,,,True,True,True,,,,results_pa_osr_bank/15-12_04-22-26_osrbank_unkPA3_c4096_bs16_lr5e4_lc01_wd0_seed1/history.json,0.6844906111558279,0.29781216997948906,100,1.0,1.0,100,,,,,,,0.5985297189818488,0.07332589946411273,100,1.0,1.0,100,,,0.1,0.0005,,,5,,,,,,results_pa_osr_bank,results_pa_osr_bank/15-12_04-22-26_osrbank_unkPA3_c4096_bs16_lr5e4_lc01_wd0_seed1,osrbank_unkPA3_c4096_bs16_lr5e4_lc01_wd0_seed1,,1,,,open_pa,results_pa_osr_bank/15-12_04-22-26_osrbank_unkPA3_c4096_bs16_lr5e4_lc01_wd0_seed1/summary.json,pa,,,,,,1.0,1.0,,,,,,"[""PA3""]",0.0
,16,,,,,,,4096,,"[""best_model"", ""epoch_100"", ""epoch_20"", ""epoch_50"", ""final_model""]",,results_pa_osr_bank/15-15_04-22-26_osrbank_unkPA3_c4096_bs16_lr5e4_lc01_wd0_seed2/config.json,,,,100,,,True,True,True,,,,results_pa_osr_bank/15-15_04-22-26_osrbank_unkPA3_c4096_bs16_lr5e4_lc01_wd0_seed2/history.json,0.688953293315948,0.29789705796847266,100,1.0,1.0,100,,,,,,,0.6923027290238275,0.07293862148567483,100,1.0,1.0,100,,,0.1,0.0005,,,5,,,,,,results_pa_osr_bank,results_pa_osr_bank/15-15_04-22-26_osrbank_unkPA3_c4096_bs16_lr5e4_lc01_wd0_seed2,osrbank_unkPA3_c4096_bs16_lr5e4_lc01_wd0_seed2,,2,,,open_pa,results_pa_osr_bank/15-15_04-22-26_osrbank_unkPA3_c4096_bs16_lr5e4_lc01_wd0_seed2/summary.json,pa,,,,,,1.0,1.0,,,,,,"[""PA3""]",0.0
,16,,,,,,,8192,,"[""best_model"", ""epoch_100"", ""epoch_20"", ""epoch_50"", ""final_model""]",,results_pa_osr_bank/15-17_04-22-26_osrbank_unkPA3_c8192_bs16_lr5e4_lc01_wd0_seed0/config.json,,,,100,,,True,True,True,,,,results_pa_osr_bank/15-17_04-22-26_osrbank_unkPA3_c8192_bs16_lr5e4_lc01_wd0_seed0/history.json,0.6689461564260816,0.3042034291085743,100,0.9962962962962963,0.9962962962962963,100,,,,,,,0.23917145729064943,0.08765042313822993,100,0.9962961819809254,0.9962961819809254,100,,,0.1,0.0005,,,5,,,,,,results_pa_osr_bank,results_pa_osr_bank/15-17_04-22-26_osrbank_unkPA3_c8192_bs16_lr5e4_lc01_wd0_seed0,osrbank_unkPA3_c8192_bs16_lr5e4_lc01_wd0_seed0,,0,,,open_pa,results_pa_osr_bank/15-17_04-22-26_osrbank_unkPA3_c8192_bs16_lr5e4_lc01_wd0_seed0/summary.json,pa,,,,,,0.9888888888888889,0.9888858016115588,,,,,,"[""PA3""]",0.0
,16,,,,,,,8192,,"[""best_model"", ""epoch_100"", ""epoch_20"", ""epoch_50"", ""final_model""]",,results_pa_osr_bank/15-21_04-22-26_osrbank_unkPA3_c8192_bs16_lr5e4_lc01_wd0_seed1/config.json,,,,100,,,True,True,True,,,,results_pa_osr_bank/15-21_04-22-26_osrbank_unkPA3_c8192_bs16_lr5e4_lc01_wd0_seed1/history.json,0.6942883921047998,0.3045270263202607,100,0.9962962962962963,0.9962962962962963,100,,,,,,,0.3677568592407085,0.07979598216436527,100,0.9962961819809254,0.9962961819809254,100,,,0.1,0.0005,,,5,,,,,,results_pa_osr_bank,results_pa_osr_bank/15-21_04-22-26_osrbank_unkPA3_c8192_bs16_lr5e4_lc01_wd0_seed1,osrbank_unkPA3_c8192_bs16_lr5e4_lc01_wd0_seed1,,1,,,open_pa,results_pa_osr_bank/15-21_04-22-26_osrbank_unkPA3_c8192_bs16_lr5e4_lc01_wd0_seed1/summary.json,pa,,,,,,0.9740740740740741,0.974034805724707,,,,,,"[""PA3""]",0.0
,16,,,,,,,8192,,"[""best_model"", ""epoch_100"", ""epoch_20"", ""epoch_50"", ""final_model""]",,results_pa_osr_bank/15-25_04-22-26_osrbank_unkPA3_c8192_bs16_lr5e4_lc01_wd0_seed2/config.json,,,,100,,,True,True,True,,,,results_pa_osr_bank/15-25_04-22-26_osrbank_unkPA3_c8192_bs16_lr5e4_lc01_wd0_seed2/history.json,0.6649382564756605,0.3026010767808036,100,0.9962962962962963,0.9925925925925926,100,,,,,,,0.20367613478943153,0.08689078258143532,100,0.9962961819809254,0.9925916779849363,100,,,0.1,0.0005,,,5,,,,,,results_pa_osr_bank,results_pa_osr_bank/15-25_04-22-26_osrbank_unkPA3_c8192_bs16_lr5e4_lc01_wd0_seed2,osrbank_unkPA3_c8192_bs16_lr5e4_lc01_wd0_seed2,,2,,,open_pa,results_pa_osr_bank/15-25_04-22-26_osrbank_unkPA3_c8192_bs16_lr5e4_lc01_wd0_seed2/summary.json,pa,,,,,,0.9962962962962963,0.9962961819809254,,,,,,"[""PA3""]",0.0
,16,,,,,,,16384,,"[""best_model"", ""epoch_100"", ""epoch_20"", ""epoch_50"", ""final_model""]",,results_pa_osr_bank/15-29_04-22-26_osrbank_unkPA3_c16384_bs16_lr5e4_lc01_wd0_seed0/config.json,,,,100,,,True,True,True,,,,results_pa_osr_bank/15-29_04-22-26_osrbank_unkPA3_c16384_bs16_lr5e4_lc01_wd0_seed0/history.json,0.6626951700165158,0.3031048200433216,100,1.0,1.0,100,,,,,,,0.35821313041227837,0.07887158101355587,100,1.0,1.0,100,,,0.1,0.0005,,,5,,,,,,results_pa_osr_bank,results_pa_osr_bank/15-29_04-22-26_osrbank_unkPA3_c16384_bs16_lr5e4_lc01_wd0_seed0,osrbank_unkPA3_c16384_bs16_lr5e4_lc01_wd0_seed0,,0,,,open_pa,results_pa_osr_bank/15-29_04-22-26_osrbank_unkPA3_c16384_bs16_lr5e4_lc01_wd0_seed0/summary.json,pa,,,,,,1.0,1.0,,,,,,"[""PA3""]",0.0
,16,,,,,,,16384,,"[""best_model"", ""epoch_100"", ""epoch_20"", ""epoch_50"", ""final_model""]",,results_pa_osr_bank/15-37_04-22-26_osrbank_unkPA3_c16384_bs16_lr5e4_lc01_wd0_seed1/config.json,,,,100,,,True,True,True,,,,results_pa_osr_bank/15-37_04-22-26_osrbank_unkPA3_c16384_bs16_lr5e4_lc01_wd0_seed1/history.json,0.6793786478421044,0.30301849927221025,100,0.9962962962962963,0.9962962962962963,100,,,,,,,0.29322176001690053,0.08380355525899816,100,0.9962961819809254,0.9962961819809254,100,,,0.1,0.0005,,,5,,,,,,results_pa_osr_bank,results_pa_osr_bank/15-37_04-22-26_osrbank_unkPA3_c16384_bs16_lr5e4_lc01_wd0_seed1,osrbank_unkPA3_c16384_bs16_lr5e4_lc01_wd0_seed1,,1,,,open_pa,results_pa_osr_bank/15-37_04-22-26_osrbank_unkPA3_c16384_bs16_lr5e4_lc01_wd0_seed1/summary.json,pa,,,,,,0.9925925925925926,0.9925925925925926,,,,,,"[""PA3""]",0.0
,16,,,,,,,16384,,"[""best_model"", ""epoch_100"", ""epoch_20"", ""epoch_50"", ""final_model""]",,results_pa_osr_bank/15-44_04-22-26_osrbank_unkPA3_c16384_bs16_lr5e4_lc01_wd0_seed2/config.json,,,,100,,,True,True,True,,,,results_pa_osr_bank/15-44_04-22-26_osrbank_unkPA3_c16384_bs16_lr5e4_lc01_wd0_seed2/history.json,0.6890649254359896,0.3017705209671505,100,0.9962962962962963,0.9962962962962963,100,,,,,,,0.19997596067410928,0.09026709171356978,100,0.9962961819809254,0.9962961819809254,100,,,0.1,0.0005,,,5,,,,,,results_pa_osr_bank,results_pa_osr_bank/15-44_04-22-26_osrbank_unkPA3_c16384_bs16_lr5e4_lc01_wd0_seed2,osrbank_unkPA3_c16384_bs16_lr5e4_lc01_wd0_seed2,,2,,,open_pa,results_pa_osr_bank/15-44_04-22-26_osrbank_unkPA3_c16384_bs16_lr5e4_lc01_wd0_seed2/summary.json,pa,,,,,,1.0,1.0,,,,,,"[""PA3""]",0.0
,8,,,,,,,32768,,"[""best_model"", ""epoch_100"", ""epoch_20"", ""epoch_50"", ""final_model""]",,results_pa_osr_bank/15-52_04-22-26_osrbank_unkPA3_c32768_bs8_lr5e4_lc01_wd0_seed0/config.json,,,,100,,,True,True,True,,,,results_pa_osr_bank/15-52_04-22-26_osrbank_unkPA3_c32768_bs8_lr5e4_lc01_wd0_seed0/history.json,0.6852012439379617,0.2985307029315403,100,1.0,0.9925925925925926,100,,,,,,,0.25633302209553893,0.08906667403600833,100,1.0,0.9925916779849363,100,,,0.1,0.0005,,,5,,,,,,results_pa_osr_bank,results_pa_osr_bank/15-52_04-22-26_osrbank_unkPA3_c32768_bs8_lr5e4_lc01_wd0_seed0,osrbank_unkPA3_c32768_bs8_lr5e4_lc01_wd0_seed0,,0,,,open_pa,results_pa_osr_bank/15-52_04-22-26_osrbank_unkPA3_c32768_bs8_lr5e4_lc01_wd0_seed0/summary.json,pa,,,,,,1.0,1.0,,,,,,"[""PA3""]",0.0
,8,,,,,,,32768,,"[""best_model"", ""epoch_100"", ""epoch_20"", ""epoch_50"", ""final_model""]",,results_pa_osr_bank/16-06_04-22-26_osrbank_unkPA3_c32768_bs8_lr5e4_lc01_wd0_seed1/config.json,,,,100,,,True,True,True,,,,results_pa_osr_bank/16-06_04-22-26_osrbank_unkPA3_c32768_bs8_lr5e4_lc01_wd0_seed1/history.json,0.7167862252583579,0.30371843330443854,100,1.0,0.9962962962962963,100,,,,,,,0.35968333217832776,0.0832347004501908,100,1.0,0.9962961819809254,100,,,0.1,0.0005,,,5,,,,,,results_pa_osr_bank,results_pa_osr_bank/16-06_04-22-26_osrbank_unkPA3_c32768_bs8_lr5e4_lc01_wd0_seed1,osrbank_unkPA3_c32768_bs8_lr5e4_lc01_wd0_seed1,,1,,,open_pa,results_pa_osr_bank/16-06_04-22-26_osrbank_unkPA3_c32768_bs8_lr5e4_lc01_wd0_seed1/summary.json,pa,,,,,,0.9851851851851852,0.9851778656126483,,,,,,"[""PA3""]",0.0
,8,,,,,,,32768,,"[""best_model"", ""epoch_100"", ""epoch_20"", ""epoch_50"", ""final_model""]",,results_pa_osr_bank/16-21_04-22-26_osrbank_unkPA3_c32768_bs8_lr5e4_lc01_wd0_seed2/config.json,,,,100,,,True,True,True,,,,results_pa_osr_bank/16-21_04-22-26_osrbank_unkPA3_c32768_bs8_lr5e4_lc01_wd0_seed2/history.json,0.7006910100815789,0.3007386056203691,100,1.0,1.0,100,,,,,,,0.2207305532362726,0.0753637163175477,100,1.0,1.0,100,,,0.1,0.0005,,,5,,,,,,results_pa_osr_bank,results_pa_osr_bank/16-21_04-22-26_osrbank_unkPA3_c32768_bs8_lr5e4_lc01_wd0_seed2,osrbank_unkPA3_c32768_bs8_lr5e4_lc01_wd0_seed2,,2,,,open_pa,results_pa_osr_bank/16-21_04-22-26_osrbank_unkPA3_c32768_bs8_lr5e4_lc01_wd0_seed2/summary.json,pa,,,,,,1.0,1.0,,,,,,"[""PA3""]",0.0
,16,,,,,,,4096,,"[""best_model"", ""epoch_100"", ""epoch_20"", ""epoch_50"", ""final_model""]",,results_pa_osr_bank/16-35_04-22-26_osrbank_unkPA4_c4096_bs16_lr5e4_lc01_wd0_seed0/config.json,,,,100,,,True,True,True,,,,results_pa_osr_bank/16-35_04-22-26_osrbank_unkPA4_c4096_bs16_lr5e4_lc01_wd0_seed0/history.json,0.694583232819088,0.29816780903982737,100,1.0,1.0,100,,,,,,,0.3331016888221105,0.07471591935113624,100,1.0,1.0,100,,,0.1,0.0005,,,5,,,,,,results_pa_osr_bank,results_pa_osr_bank/16-35_04-22-26_osrbank_unkPA4_c4096_bs16_lr5e4_lc01_wd0_seed0,osrbank_unkPA4_c4096_bs16_lr5e4_lc01_wd0_seed0,,0,,,open_pa,results_pa_osr_bank/16-35_04-22-26_osrbank_unkPA4_c4096_bs16_lr5e4_lc01_wd0_seed0/summary.json,pa,,,,,,0.9962962962962963,0.9962961819809254,,,,,,"[""PA4""]",0.0
,16,,,,,,,4096,,"[""best_model"", ""epoch_100"", ""epoch_20"", ""epoch_50"", ""final_model""]",,results_pa_osr_bank/16-37_04-22-26_osrbank_unkPA4_c4096_bs16_lr5e4_lc01_wd0_seed1/config.json,,,,100,,,True,True,True,,,,results_pa_osr_bank/16-37_04-22-26_osrbank_unkPA4_c4096_bs16_lr5e4_lc01_wd0_seed1/history.json,0.7142355790213933,0.2984675469852629,100,1.0,1.0,100,,,,,,,0.37846054765913223,0.0745412861859357,100,1.0,1.0,100,,,0.1,0.0005,,,5,,,,,,results_pa_osr_bank,results_pa_osr_bank/16-37_04-22-26_osrbank_unkPA4_c4096_bs16_lr5e4_lc01_wd0_seed1,osrbank_unkPA4_c4096_bs16_lr5e4_lc01_wd0_seed1,,1,,,open_pa,results_pa_osr_bank/16-37_04-22-26_osrbank_unkPA4_c4096_bs16_lr5e4_lc01_wd0_seed1/summary.json,pa,,,,,,1.0,1.0,,,,,,"[""PA4""]",0.0
,16,,,,,,,4096,,"[""best_model"", ""epoch_100"", ""epoch_20"", ""epoch_50"", ""final_model""]",,results_pa_osr_bank/16-40_04-22-26_osrbank_unkPA4_c4096_bs16_lr5e4_lc01_wd0_seed2/config.json,,,,100,,,True,True,True,,,,results_pa_osr_bank/16-40_04-22-26_osrbank_unkPA4_c4096_bs16_lr5e4_lc01_wd0_seed2/history.json,0.7364095394573514,0.29817954074768793,100,1.0,1.0,100,,,,,,,0.18478499391564615,0.07353968233973891,100,1.0,1.0,100,,,0.1,0.0005,,,5,,,,,,results_pa_osr_bank,results_pa_osr_bank/16-40_04-22-26_osrbank_unkPA4_c4096_bs16_lr5e4_lc01_wd0_seed2,osrbank_unkPA4_c4096_bs16_lr5e4_lc01_wd0_seed2,,2,,,open_pa,results_pa_osr_bank/16-40_04-22-26_osrbank_unkPA4_c4096_bs16_lr5e4_lc01_wd0_seed2/summary.json,pa,,,,,,1.0,1.0,,,,,,"[""PA4""]",0.0
,16,,,,,,,8192,,"[""best_model"", ""epoch_100"", ""epoch_20"", ""epoch_50"", ""final_model""]",,results_pa_osr_bank/16-42_04-22-26_osrbank_unkPA4_c8192_bs16_lr5e4_lc01_wd0_seed0/config.json,,,,100,,,True,True,True,,,,results_pa_osr_bank/16-42_04-22-26_osrbank_unkPA4_c8192_bs16_lr5e4_lc01_wd0_seed0/history.json,0.7397128886646694,0.30117459722927636,100,1.0,0.9962962962962963,100,,,,,,,0.24246119503621702,0.08097135352867621,100,1.0,0.9962961819809254,100,,,0.1,0.0005,,,5,,,,,,results_pa_osr_bank,results_pa_osr_bank/16-42_04-22-26_osrbank_unkPA4_c8192_bs16_lr5e4_lc01_wd0_seed0,osrbank_unkPA4_c8192_bs16_lr5e4_lc01_wd0_seed0,,0,,,open_pa,results_pa_osr_bank/16-42_04-22-26_osrbank_unkPA4_c8192_bs16_lr5e4_lc01_wd0_seed0/summary.json,pa,,,,,,0.9925925925925926,0.9925916779849363,,,,,,"[""PA4""]",0.0
,16,,,,,,,8192,,"[""best_model"", ""epoch_100"", ""epoch_20"", ""epoch_50"", ""final_model""]",,results_pa_osr_bank/16-46_04-22-26_osrbank_unkPA4_c8192_bs16_lr5e4_lc01_wd0_seed1/config.json,,,,100,,,True,True,True,,,,results_pa_osr_bank/16-46_04-22-26_osrbank_unkPA4_c8192_bs16_lr5e4_lc01_wd0_seed1/history.json,0.8131338062740507,0.3004492698207734,100,0.9962962962962963,0.9962962962962963,100,,,,,,,0.3433792394620401,0.08386136685256605,100,0.9962961819809254,0.9962961819809254,100,,,0.1,0.0005,,,5,,,,,,results_pa_osr_bank,results_pa_osr_bank/16-46_04-22-26_osrbank_unkPA4_c8192_bs16_lr5e4_lc01_wd0_seed1,osrbank_unkPA4_c8192_bs16_lr5e4_lc01_wd0_seed1,,1,,,open_pa,results_pa_osr_bank/16-46_04-22-26_osrbank_unkPA4_c8192_bs16_lr5e4_lc01_wd0_seed1/summary.json,pa,,,,,,0.9814814814814815,0.9814809099046267,,,,,,"[""PA4""]",0.0
,16,,,,,,,8192,,"[""best_model"", ""epoch_100"", ""epoch_20"", ""epoch_50"", ""final_model""]",,results_pa_osr_bank/16-50_04-22-26_osrbank_unkPA4_c8192_bs16_lr5e4_lc01_wd0_seed2/config.json,,,,100,,,True,True,True,,,,results_pa_osr_bank/16-50_04-22-26_osrbank_unkPA4_c8192_bs16_lr5e4_lc01_wd0_seed2/history.json,0.7648831144211784,0.29975203862265937,100,0.9962962962962963,0.9962962962962963,100,,,,,,,0.29813158721835525,0.08690592845280966,100,0.9962961819809254,0.9962961819809254,100,,,0.1,0.0005,,,5,,,,,,results_pa_osr_bank,results_pa_osr_bank/16-50_04-22-26_osrbank_unkPA4_c8192_bs16_lr5e4_lc01_wd0_seed2,osrbank_unkPA4_c8192_bs16_lr5e4_lc01_wd0_seed2,,2,,,open_pa,results_pa_osr_bank/16-50_04-22-26_osrbank_unkPA4_c8192_bs16_lr5e4_lc01_wd0_seed2/summary.json,pa,,,,,,1.0,1.0,,,,,,"[""PA4""]",0.0
,16,,,,,,,16384,,"[""best_model"", ""epoch_100"", ""epoch_20"", ""epoch_50"", ""final_model""]",,results_pa_osr_bank/16-54_04-22-26_osrbank_unkPA4_c16384_bs16_lr5e4_lc01_wd0_seed0/config.json,,,,100,,,True,True,True,,,,results_pa_osr_bank/16-54_04-22-26_osrbank_unkPA4_c16384_bs16_lr5e4_lc01_wd0_seed0/history.json,0.706131799069662,0.302860656144127,100,1.0,1.0,100,,,,,,,0.2685690334549657,0.07738899638255438,100,1.0,1.0,100,,,0.1,0.0005,,,5,,,,,,results_pa_osr_bank,results_pa_osr_bank/16-54_04-22-26_osrbank_unkPA4_c16384_bs16_lr5e4_lc01_wd0_seed0,osrbank_unkPA4_c16384_bs16_lr5e4_lc01_wd0_seed0,,0,,,open_pa,results_pa_osr_bank/16-54_04-22-26_osrbank_unkPA4_c16384_bs16_lr5e4_lc01_wd0_seed0/summary.json,pa,,,,,,0.9962962962962963,0.9962961819809254,,,,,,"[""PA4""]",0.0
,16,,,,,,,16384,,"[""best_model"", ""epoch_100"", ""epoch_20"", ""epoch_50"", ""final_model""]",,results_pa_osr_bank/17-02_04-22-26_osrbank_unkPA4_c16384_bs16_lr5e4_lc01_wd0_seed1/config.json,,,,100,,,True,True,True,,,,results_pa_osr_bank/17-02_04-22-26_osrbank_unkPA4_c16384_bs16_lr5e4_lc01_wd0_seed1/history.json,0.7418476044185578,0.30195479052407403,100,0.9962962962962963,0.9962962962962963,100,,,,,,,0.23480392893155416,0.08544945512656812,100,0.9962961819809254,0.9962961819809254,100,,,0.1,0.0005,,,5,,,,,,results_pa_osr_bank,results_pa_osr_bank/17-02_04-22-26_osrbank_unkPA4_c16384_bs16_lr5e4_lc01_wd0_seed1,osrbank_unkPA4_c16384_bs16_lr5e4_lc01_wd0_seed1,,1,,,open_pa,results_pa_osr_bank/17-02_04-22-26_osrbank_unkPA4_c16384_bs16_lr5e4_lc01_wd0_seed1/summary.json,pa,,,,,,0.9962962962962963,0.9962961819809254,,,,,,"[""PA4""]",0.0
,16,,,,,,,16384,,"[""best_model"", ""epoch_100"", ""epoch_20"", ""epoch_50"", ""final_model""]",,results_pa_osr_bank/17-09_04-22-26_osrbank_unkPA4_c16384_bs16_lr5e4_lc01_wd0_seed2/config.json,,,,100,,,True,True,True,,,,results_pa_osr_bank/17-09_04-22-26_osrbank_unkPA4_c16384_bs16_lr5e4_lc01_wd0_seed2/history.json,0.7783394885441614,0.3019083270950923,100,0.9962962962962963,0.9962962962962963,100,,,,,,,0.27734286586443585,0.08493150903118982,100,0.9962961819809254,0.9962961819809254,100,,,0.1,0.0005,,,5,,,,,,results_pa_osr_bank,results_pa_osr_bank/17-09_04-22-26_osrbank_unkPA4_c16384_bs16_lr5e4_lc01_wd0_seed2,osrbank_unkPA4_c16384_bs16_lr5e4_lc01_wd0_seed2,,2,,,open_pa,results_pa_osr_bank/17-09_04-22-26_osrbank_unkPA4_c16384_bs16_lr5e4_lc01_wd0_seed2/summary.json,pa,,,,,,0.9962962962962963,0.9962961819809254,,,,,,"[""PA4""]",0.0
,8,,,,,,,32768,,"[""best_model"", ""epoch_100"", ""epoch_20"", ""epoch_50"", ""final_model""]",,results_pa_osr_bank/17-17_04-22-26_osrbank_unkPA4_c32768_bs8_lr5e4_lc01_wd0_seed0/config.json,,,,100,,,True,True,True,,,,results_pa_osr_bank/17-17_04-22-26_osrbank_unkPA4_c32768_bs8_lr5e4_lc01_wd0_seed0/history.json,0.7508048524932256,0.29830124955328685,100,1.0,1.0,100,,,,,,,0.36675597782488223,0.07753124937967018,100,1.0,1.0,100,,,0.1,0.0005,,,5,,,,,,results_pa_osr_bank,results_pa_osr_bank/17-17_04-22-26_osrbank_unkPA4_c32768_bs8_lr5e4_lc01_wd0_seed0,osrbank_unkPA4_c32768_bs8_lr5e4_lc01_wd0_seed0,,0,,,open_pa,results_pa_osr_bank/17-17_04-22-26_osrbank_unkPA4_c32768_bs8_lr5e4_lc01_wd0_seed0/summary.json,pa,,,,,,1.0,1.0,,,,,,"[""PA4""]",0.0
,8,,,,,,,32768,,"[""best_model"", ""epoch_100"", ""epoch_20"", ""epoch_50"", ""final_model""]",,results_pa_osr_bank/17-31_04-22-26_osrbank_unkPA4_c32768_bs8_lr5e4_lc01_wd0_seed1/config.json,,,,100,,,True,True,True,,,,results_pa_osr_bank/17-31_04-22-26_osrbank_unkPA4_c32768_bs8_lr5e4_lc01_wd0_seed1/history.json,0.7241639182681129,0.2995854338010152,100,1.0,0.9962962962962963,100,,,,,,,0.20754264593124389,0.08252767241663403,100,1.0,0.9962961819809254,100,,,0.1,0.0005,,,5,,,,,,results_pa_osr_bank,results_pa_osr_bank/17-31_04-22-26_osrbank_unkPA4_c32768_bs8_lr5e4_lc01_wd0_seed1,osrbank_unkPA4_c32768_bs8_lr5e4_lc01_wd0_seed1,,1,,,open_pa,results_pa_osr_bank/17-31_04-22-26_osrbank_unkPA4_c32768_bs8_lr5e4_lc01_wd0_seed1/summary.json,pa,,,,,,0.9925925925925926,0.9925916779849363,,,,,,"[""PA4""]",0.0
,8,,,,,,,32768,,"[""best_model"", ""epoch_100"", ""epoch_20"", ""epoch_50"", ""final_model""]",,results_pa_osr_bank/17-46_04-22-26_osrbank_unkPA4_c32768_bs8_lr5e4_lc01_wd0_seed2/config.json,,,,100,,,True,True,True,,,,results_pa_osr_bank/17-46_04-22-26_osrbank_unkPA4_c32768_bs8_lr5e4_lc01_wd0_seed2/history.json,0.7288771294412159,0.3003995859433734,100,1.0,1.0,100,,,,,,,0.3283073476067296,0.07409689244296816,100,1.0,1.0,100,,,0.1,0.0005,,,5,,,,,,results_pa_osr_bank,results_pa_osr_bank/17-46_04-22-26_osrbank_unkPA4_c32768_bs8_lr5e4_lc01_wd0_seed2,osrbank_unkPA4_c32768_bs8_lr5e4_lc01_wd0_seed2,,2,,,open_pa,results_pa_osr_bank/17-46_04-22-26_osrbank_unkPA4_c32768_bs8_lr5e4_lc01_wd0_seed2/summary.json,pa,,,,,,0.9851851851851852,0.9851778656126481,,,,,,"[""PA4""]",0.0
,16,,,,,,,4096,,"[""best_model"", ""epoch_100"", ""epoch_20"", ""epoch_50"", ""final_model""]",,results_pa_osr_bank/18-00_04-22-26_osrbank_unkPA8_c4096_bs16_lr5e4_lc01_wd0_seed0/config.json,,,,100,,,True,True,True,,,,results_pa_osr_bank/18-00_04-22-26_osrbank_unkPA8_c4096_bs16_lr5e4_lc01_wd0_seed0/history.json,0.6361329750409201,0.29815056257777744,100,1.0,1.0,100,,,,,,,0.14755953164012345,0.07427722872407348,100,1.0,1.0,100,,,0.1,0.0005,,,5,,,,,,results_pa_osr_bank,results_pa_osr_bank/18-00_04-22-26_osrbank_unkPA8_c4096_bs16_lr5e4_lc01_wd0_seed0,osrbank_unkPA8_c4096_bs16_lr5e4_lc01_wd0_seed0,,0,,,open_pa,results_pa_osr_bank/18-00_04-22-26_osrbank_unkPA8_c4096_bs16_lr5e4_lc01_wd0_seed0/summary.json,pa,,,,,,1.0,1.0,,,,,,"[""PA8""]",0.0
,16,,,,,,,4096,,"[""best_model"", ""epoch_100"", ""epoch_20"", ""epoch_50"", ""final_model""]",,results_pa_osr_bank/18-03_04-22-26_osrbank_unkPA8_c4096_bs16_lr5e4_lc01_wd0_seed1/config.json,,,,100,,,True,True,True,,,,results_pa_osr_bank/18-03_04-22-26_osrbank_unkPA8_c4096_bs16_lr5e4_lc01_wd0_seed1/history.json,0.630514973875076,0.29795633582841785,100,1.0,1.0,100,,,,,,,0.22551098101668887,0.07241877444364407,100,1.0,1.0,100,,,0.1,0.0005,,,5,,,,,,results_pa_osr_bank,results_pa_osr_bank/18-03_04-22-26_osrbank_unkPA8_c4096_bs16_lr5e4_lc01_wd0_seed1,osrbank_unkPA8_c4096_bs16_lr5e4_lc01_wd0_seed1,,1,,,open_pa,results_pa_osr_bank/18-03_04-22-26_osrbank_unkPA8_c4096_bs16_lr5e4_lc01_wd0_seed1/summary.json,pa,,,,,,1.0,1.0,,,,,,"[""PA8""]",0.0
,16,,,,,,,4096,,"[""best_model"", ""epoch_100"", ""epoch_20"", ""epoch_50"", ""final_model""]",,results_pa_osr_bank/18-05_04-22-26_osrbank_unkPA8_c4096_bs16_lr5e4_lc01_wd0_seed2/config.json,,,,100,,,True,True,True,,,,results_pa_osr_bank/18-05_04-22-26_osrbank_unkPA8_c4096_bs16_lr5e4_lc01_wd0_seed2/history.json,0.6477365723678044,0.2981597662918151,100,1.0,1.0,100,,,,,,,0.2029825187391705,0.07384946776760949,100,1.0,1.0,100,,,0.1,0.0005,,,5,,,,,,results_pa_osr_bank,results_pa_osr_bank/18-05_04-22-26_osrbank_unkPA8_c4096_bs16_lr5e4_lc01_wd0_seed2,osrbank_unkPA8_c4096_bs16_lr5e4_lc01_wd0_seed2,,2,,,open_pa,results_pa_osr_bank/18-05_04-22-26_osrbank_unkPA8_c4096_bs16_lr5e4_lc01_wd0_seed2/summary.json,pa,,,,,,1.0,1.0,,,,,,"[""PA8""]",0.0
,16,,,,,,,8192,,"[""best_model"", ""epoch_100"", ""epoch_20"", ""epoch_50"", ""final_model""]",,results_pa_osr_bank/18-07_04-22-26_osrbank_unkPA8_c8192_bs16_lr5e4_lc01_wd0_seed0/config.json,,,,100,,,True,True,True,,,,results_pa_osr_bank/18-07_04-22-26_osrbank_unkPA8_c8192_bs16_lr5e4_lc01_wd0_seed0/history.json,0.6693557427989112,0.29750995408921016,100,1.0,1.0,100,,,,,,,0.14701638608067125,0.071378538288452,100,1.0,1.0,100,,,0.1,0.0005,,,5,,,,,,results_pa_osr_bank,results_pa_osr_bank/18-07_04-22-26_osrbank_unkPA8_c8192_bs16_lr5e4_lc01_wd0_seed0,osrbank_unkPA8_c8192_bs16_lr5e4_lc01_wd0_seed0,,0,,,open_pa,results_pa_osr_bank/18-07_04-22-26_osrbank_unkPA8_c8192_bs16_lr5e4_lc01_wd0_seed0/summary.json,pa,,,,,,1.0,1.0,,,,,,"[""PA8""]",0.0
,16,,,,,,,8192,,"[""best_model"", ""epoch_100"", ""epoch_20"", ""epoch_50"", ""final_model""]",,results_pa_osr_bank/18-11_04-22-26_osrbank_unkPA8_c8192_bs16_lr5e4_lc01_wd0_seed1/config.json,,,,100,,,True,True,True,,,,results_pa_osr_bank/18-11_04-22-26_osrbank_unkPA8_c8192_bs16_lr5e4_lc01_wd0_seed1/history.json,0.6577464728128343,0.29771351520977324,100,1.0,1.0,100,,,,,,,0.29017309016651577,0.07212451370777907,100,1.0,1.0,100,,,0.1,0.0005,,,5,,,,,,results_pa_osr_bank,results_pa_osr_bank/18-11_04-22-26_osrbank_unkPA8_c8192_bs16_lr5e4_lc01_wd0_seed1,osrbank_unkPA8_c8192_bs16_lr5e4_lc01_wd0_seed1,,1,,,open_pa,results_pa_osr_bank/18-11_04-22-26_osrbank_unkPA8_c8192_bs16_lr5e4_lc01_wd0_seed1/summary.json,pa,,,,,,1.0,1.0,,,,,,"[""PA8""]",0.0
,16,,,,,,,8192,,"[""best_model"", ""epoch_100"", ""epoch_20"", ""epoch_50"", ""final_model""]",,results_pa_osr_bank/18-16_04-22-26_osrbank_unkPA8_c8192_bs16_lr5e4_lc01_wd0_seed2/config.json,,,,100,,,True,True,True,,,,results_pa_osr_bank/18-16_04-22-26_osrbank_unkPA8_c8192_bs16_lr5e4_lc01_wd0_seed2/history.json,0.7063425206002735,0.29773691438493277,100,1.0,1.0,100,,,,,,,0.29152092050623013,0.07471638862733487,100,1.0,1.0,100,,,0.1,0.0005,,,5,,,,,,results_pa_osr_bank,results_pa_osr_bank/18-16_04-22-26_osrbank_unkPA8_c8192_bs16_lr5e4_lc01_wd0_seed2,osrbank_unkPA8_c8192_bs16_lr5e4_lc01_wd0_seed2,,2,,,open_pa,results_pa_osr_bank/18-16_04-22-26_osrbank_unkPA8_c8192_bs16_lr5e4_lc01_wd0_seed2/summary.json,pa,,,,,,1.0,1.0,,,,,,"[""PA8""]",0.0
,16,,,,,,,16384,,"[""best_model"", ""epoch_100"", ""epoch_20"", ""epoch_50"", ""final_model""]",,results_pa_osr_bank/18-20_04-22-26_osrbank_unkPA8_c16384_bs16_lr5e4_lc01_wd0_seed0/config.json,,,,100,,,True,True,True,,,,results_pa_osr_bank/18-20_04-22-26_osrbank_unkPA8_c16384_bs16_lr5e4_lc01_wd0_seed0/history.json,0.6536575806519341,0.2972683832758949,100,1.0,1.0,100,,,,,,,0.3381575327228617,0.0724046129319403,100,1.0,1.0,100,,,0.1,0.0005,,,5,,,,,,results_pa_osr_bank,results_pa_osr_bank/18-20_04-22-26_osrbank_unkPA8_c16384_bs16_lr5e4_lc01_wd0_seed0,osrbank_unkPA8_c16384_bs16_lr5e4_lc01_wd0_seed0,,0,,,open_pa,results_pa_osr_bank/18-20_04-22-26_osrbank_unkPA8_c16384_bs16_lr5e4_lc01_wd0_seed0/summary.json,pa,,,,,,1.0,1.0,,,,,,"[""PA8""]",0.0
,16,,,,,,,16384,,"[""best_model"", ""epoch_100"", ""epoch_20"", ""epoch_50"", ""final_model""]",,results_pa_osr_bank/18-27_04-22-26_osrbank_unkPA8_c16384_bs16_lr5e4_lc01_wd0_seed1/config.json,,,,100,,,True,True,True,,,,results_pa_osr_bank/18-27_04-22-26_osrbank_unkPA8_c16384_bs16_lr5e4_lc01_wd0_seed1/history.json,0.6723857224933685,0.2971029955243307,100,1.0,1.0,100,,,,,,,0.23043421070884776,0.07375942766666413,100,1.0,1.0,100,,,0.1,0.0005,,,5,,,,,,results_pa_osr_bank,results_pa_osr_bank/18-27_04-22-26_osrbank_unkPA8_c16384_bs16_lr5e4_lc01_wd0_seed1,osrbank_unkPA8_c16384_bs16_lr5e4_lc01_wd0_seed1,,1,,,open_pa,results_pa_osr_bank/18-27_04-22-26_osrbank_unkPA8_c16384_bs16_lr5e4_lc01_wd0_seed1/summary.json,pa,,,,,,0.9962962962962963,0.9962961819809254,,,,,,"[""PA8""]",0.0
,16,,,,,,,16384,,"[""best_model"", ""epoch_100"", ""epoch_20"", ""epoch_50"", ""final_model""]",,results_pa_osr_bank/18-34_04-22-26_osrbank_unkPA8_c16384_bs16_lr5e4_lc01_wd0_seed2/config.json,,,,100,,,True,True,True,,,,results_pa_osr_bank/18-34_04-22-26_osrbank_unkPA8_c16384_bs16_lr5e4_lc01_wd0_seed2/history.json,0.6568108798965575,0.29794982860958763,100,1.0,1.0,100,,,,,,,0.2161701531321914,0.07333871021314904,100,1.0,1.0,100,,,0.1,0.0005,,,5,,,,,,results_pa_osr_bank,results_pa_osr_bank/18-34_04-22-26_osrbank_unkPA8_c16384_bs16_lr5e4_lc01_wd0_seed2,osrbank_unkPA8_c16384_bs16_lr5e4_lc01_wd0_seed2,,2,,,open_pa,results_pa_osr_bank/18-34_04-22-26_osrbank_unkPA8_c16384_bs16_lr5e4_lc01_wd0_seed2/summary.json,pa,,,,,,1.0,1.0,,,,,,"[""PA8""]",0.0
,8,,,,,,,32768,,"[""best_model"", ""epoch_100"", ""epoch_20"", ""epoch_50"", ""final_model""]",,results_pa_osr_bank/18-42_04-22-26_osrbank_unkPA8_c32768_bs8_lr5e4_lc01_wd0_seed0/config.json,,,,100,,,True,True,True,,,,results_pa_osr_bank/18-42_04-22-26_osrbank_unkPA8_c32768_bs8_lr5e4_lc01_wd0_seed0/history.json,0.6477989017017304,0.29480242303439547,100,1.0,1.0,100,,,,,,,0.7782462738178394,0.071709455328959,100,1.0,1.0,100,,,0.1,0.0005,,,5,,,,,,results_pa_osr_bank,results_pa_osr_bank/18-42_04-22-26_osrbank_unkPA8_c32768_bs8_lr5e4_lc01_wd0_seed0,osrbank_unkPA8_c32768_bs8_lr5e4_lc01_wd0_seed0,,0,,,open_pa,results_pa_osr_bank/18-42_04-22-26_osrbank_unkPA8_c32768_bs8_lr5e4_lc01_wd0_seed0/summary.json,pa,,,,,,1.0,1.0,,,,,,"[""PA8""]",0.0
,8,,,,,,,32768,,"[""best_model"", ""epoch_100"", ""epoch_20"", ""epoch_50"", ""final_model""]",,results_pa_osr_bank/18-56_04-22-26_osrbank_unkPA8_c32768_bs8_lr5e4_lc01_wd0_seed1/config.json,,,,100,,,True,True,True,,,,results_pa_osr_bank/18-56_04-22-26_osrbank_unkPA8_c32768_bs8_lr5e4_lc01_wd0_seed1/history.json,0.6405590119816008,0.29461984511405703,100,1.0,1.0,100,,,,,,,0.20824314397242333,0.07309591720501582,100,1.0,1.0,100,,,0.1,0.0005,,,5,,,,,,results_pa_osr_bank,results_pa_osr_bank/18-56_04-22-26_osrbank_unkPA8_c32768_bs8_lr5e4_lc01_wd0_seed1,osrbank_unkPA8_c32768_bs8_lr5e4_lc01_wd0_seed1,,1,,,open_pa,results_pa_osr_bank/18-56_04-22-26_osrbank_unkPA8_c32768_bs8_lr5e4_lc01_wd0_seed1/summary.json,pa,,,,,,1.0,1.0,,,,,,"[""PA8""]",0.0
,8,,,,,,,32768,,"[""best_model"", ""epoch_100"", ""epoch_20"", ""epoch_50"", ""final_model""]",,results_pa_osr_bank/19-10_04-22-26_osrbank_unkPA8_c32768_bs8_lr5e4_lc01_wd0_seed2/config.json,,,,100,,,True,True,True,,,,results_pa_osr_bank/19-10_04-22-26_osrbank_unkPA8_c32768_bs8_lr5e4_lc01_wd0_seed2/history.json,0.6467439381849198,0.29504440899879214,100,1.0,1.0,100,,,,,,,0.220278435393616,0.07339476976129744,100,1.0,1.0,100,,,0.1,0.0005,,,5,,,,,,results_pa_osr_bank,results_pa_osr_bank/19-10_04-22-26_osrbank_unkPA8_c32768_bs8_lr5e4_lc01_wd0_seed2,osrbank_unkPA8_c32768_bs8_lr5e4_lc01_wd0_seed2,,2,,,open_pa,results_pa_osr_bank/19-10_04-22-26_osrbank_unkPA8_c32768_bs8_lr5e4_lc01_wd0_seed2/summary.json,pa,,,,,,1.0,1.0,,,,,,"[""PA8""]",0.0
"[""best_model"", ""final_model""]",16,8,1.0,0.9635515580072878,0.9977406575624181,1.0,0.9635515580072878,16384,,"[""best_model"", ""final_model""]",,results_pa_ota_btzb/12-01_05-01-26_ota_btzb_ref_ent005_unkPA8_c16384_seed0/config.json,ota_core_high_run01,open_conf,0.05,40,,,True,True,True,0.0005,0.0003457017239196542,16,results_pa_ota_btzb/12-01_05-01-26_ota_btzb_ref_ent005_unkPA8_c16384_seed0/history.json,0.4053871229542511,0.31149988707522974,16,1.0,0.8548009367681498,16,0.9635515580072878,0.6819586654040563,16,0.9977406575624181,0.5665387686083156,16,0.28921867605766965,0.28921867605766965,16,1.0,0.8355379920581213,16,"[""PA2"", ""PA3"", ""PA4""]",0.1,0.1,0.0005,0.3,val_macro_f1,2,high_run01,dqn_proxy_expanded5,,,"[""bluetooth"", ""zigbee""]",results_pa_ota_btzb,results_pa_ota_btzb/12-01_05-01-26_ota_btzb_ref_ent005_unkPA8_c16384_seed0,ota_btzb_ref_ent005_unkPA8_c16384_seed0,cosine,0,ota_core_high_run01,ota,open_pa,results_pa_ota_btzb/12-01_05-01-26_ota_btzb_ref_ent005_unkPA8_c16384_seed0/summary.json,pa,0.9612502039926709,0.9974127649311025,0.997480605949545,0.9946362470221732,0.9240019546759515,1.0,1.0,0.6380324964876917,0.9951563740761101,0.9947040498442368,0.9948322236475068,"[""PA8""]","[""PA8""]",0.0
"[""best_model"", ""epoch_20"", ""final_model""]",16,13,1.0,0.971661679677184,0.9941541061783509,1.0,0.971661679677184,16384,,"[""best_model"", ""epoch_20"", ""final_model""]",,results_pa_ota_btzb/12-07_05-01-26_ota_btzb_ref_lr2e4_unkPA8_c16384_seed0/config.json,ota_core_high_run01,open_conf,0.0,40,,,True,True,True,0.0002,0.00010005000000000002,21,results_pa_ota_btzb/12-07_05-01-26_ota_btzb_ref_lr2e4_unkPA8_c16384_seed0/history.json,0.42630106677942087,0.300658457433223,21,1.0,1.0,21,0.971661679677184,0.8949424424557381,21,0.997781077285644,0.855895555337268,21,0.11311548835453254,0.07485150244555187,21,1.0,1.0,21,"[""PA2"", ""PA3"", ""PA4""]",0.1,0.1,0.0002,0.3,val_macro_f1,3,high_run01,dqn_proxy_expanded5,,,"[""bluetooth"", ""zigbee""]",results_pa_ota_btzb,results_pa_ota_btzb/12-07_05-01-26_ota_btzb_ref_lr2e4_unkPA8_c16384_seed0,ota_btzb_ref_lr2e4_unkPA8_c16384_seed0,cosine,0,ota_core_high_run01,ota,open_pa,results_pa_ota_btzb/12-07_05-01-26_ota_btzb_ref_lr2e4_unkPA8_c16384_seed0/summary.json,pa,0.9712249324452152,0.9942661342339092,0.9668865677111966,0.9882838555983141,0.9432778694032129,1.0,1.0,0.7838073422515424,0.9891145928776495,0.9882969885773624,0.9885651456844419,"[""PA8""]","[""PA8""]",0.0
"[""best_model"", ""final_model""]",2,1,0.6747407407407408,0.5084354366784033,0.5365932205888192,0.5967560362932589,0.5084354366784033,16384,/home/atrott/adamArchives/Adam/varMax/PADataset/_feature_cache_nvme/len16384/norm/ota__ota_core_high_run01__high_run01,"[""best_model"", ""final_model""]",,results_pa_smoke/distinct_smoke_ent005_lr2e4_unkPA1_c16384_seed0/config.json,ota_core_high_run01,open_conf,0.05,1,smoke_ent005_lr2e4,,True,True,True,0.0002,0.0002,1,results_pa_smoke/distinct_smoke_ent005_lr2e4_unkPA1_c16384_seed0/history.json,0.4628139102667097,0.4628139102667097,1,0.6747407407407408,0.6747407407407408,1,0.5084354366784033,0.5084354366784033,1,0.5365932205888192,0.5365932205888192,1,2.0534414276475155,2.0534414276475155,1,0.5967560362932589,0.5967560362932589,1,"[""PA2"", ""PA3"", ""PA4"", ""PA8""]",0.1,0.1,0.0002,0.3,val_macro_f1,2,high_run01,dqn_proxy_expanded5,DISTINCT,"[""PA1"", ""PA3"", ""PA4"", ""PA8""]",,results_pa_smoke,results_pa_smoke/distinct_smoke_ent005_lr2e4_unkPA1_c16384_seed0,distinct_smoke_ent005_lr2e4_unkPA1_c16384_seed0,cosine,0,ota_core_high_run01,ota,open_pa,results_pa_smoke/distinct_smoke_ent005_lr2e4_unkPA1_c16384_seed0/summary.json,pa,0.5048211993020478,0.5334874495950878,0.33771222784669946,0.4726135415847038,0.42777281687226604,0.6737777777777778,0.5957471658159501,0.36794893819777763,0.48474443016468355,0.475844946567466,0.4777343061056178,"[""PA1""]","[""PA1""]",0.0
,2,,,,,,,16384,/home/atrott/adamArchives/Adam/varMax/PADataset/_feature_cache_nvme/len16384/norm/ota__ota_core_high_run01__high_run01,"[""best_model"", ""final_model""]",,results_pa_smoke/distinct_smoke_ent005_lr2e4_unkPA1_c16384_seed1/config.json,ota_core_high_run01,open_conf,0.05,1,smoke_ent005_lr2e4,,True,True,False,0.0002,0.0002,1,results_pa_smoke/distinct_smoke_ent005_lr2e4_unkPA1_c16384_seed1/history.json,0.4676744561621121,0.4676744561621121,1,0.6063703703703703,0.6063703703703703,1,0.571394819668594,0.571394819668594,1,0.6335277641648435,0.6335277641648435,1,12.260196002019777,12.260196002019777,1,0.5639644246017249,0.5639644246017249,1,,0.1,0.1,0.0002,0.3,val_macro_f1,2,high_run01,dqn_proxy_expanded5,DISTINCT,"[""PA1"", ""PA3"", ""PA4"", ""PA8""]",,results_pa_smoke,results_pa_smoke/distinct_smoke_ent005_lr2e4_unkPA1_c16384_seed1,distinct_smoke_ent005_lr2e4_unkPA1_c16384_seed1,cosine,1,ota_core_high_run01,ota,open_pa,,pa,,,,,,,,,,,,,"[""PA1""]",0.0
